ticker,name,sector,market,price,change_pct,volume,vol_avg_20d,vol_ratio,vol_5d,high_52w,low_52w,pos_52w_pct,sma_20,sma_50,sma_200,rsi_14,macd,macd_signal,macd_histogram,bb_upper,bb_lower,bb_position,cross_signal,pe_ratio,peg_ratio,market_cap,revenue_growth_pct,dividend_yield_pct,target_price,upside_pct,fetch_time,price_5y_ago,price_3y_ago,price_1y_ago,change_5y_pct,change_3y_pct,change_1y_pct,high_1y,high_1y_date,low_1y,low_1y_date,snapshot_date
NVDA,NVIDIA,半導体/AI,US,209.25,-1.84,114136225,144736696,0.79,"113561800,214134400,187172400,180275400,114136225",216.61,94.29,94.0,194.98,186.71,183.56,74.8,8.0035,6.1998,1.8037,220.24,169.72,78.2,なし,42.7,0.74,5085821140992.0,73.2,2.0,268.6148,28.4,2026-04-29T22:55:05.585311,14.97,27.72,108.99,1297.6,654.7,92.0,216.83,2026-04-27,104.06,2025-04-30,20260429
AMD,AMD,半導体/AI,US,337.11,4.3,43242149,39807737,1.09,"45619700,81616700,50585300,43002500,43242149",347.81,78.21,96.0,270.53,229.15,209.39,82.1,31.3389,24.4677,6.8712,357.05,184.01,88.5,なし,128.67,1.03,549627789312.0,34.1,,295.76086,-12.3,2026-04-29T22:55:05.950557,81.62,89.37,96.06,313.0,277.2,250.9,352.99,2026-04-24,91.87,2025-04-30,20260429
AVGO,Broadcom,半導体/AI,US,405.45,1.41,11566937,21582176,0.54,"19501600,22491100,17451600,25519200,11566937",422.76,145.11,93.8,380.32,345.74,337.61,71.9,22.3143,21.3232,0.9911,455.2,305.44,66.8,なし,79.19,0.87,1919671336960.0,29.5,65.0,475.49295,17.3,2026-04-29T22:55:06.400535,41.27,60.21,189.63,882.3,573.4,113.8,429.31,2026-04-23,182.54,2025-04-30,20260429
MRVL,Marvell Technology,半導体,US,156.57,2.18,16796196,29960679,0.56,"36938700,37599100,30281800,27128700,16796196",165.56,49.24,92.3,136.12,106.38,87.4,78.8,16.2672,15.3677,0.8995,176.29,95.95,75.5,なし,51.17,1.8,136913936384.0,22.1,16.0,128.36064,-18.0,2026-04-29T22:55:06.771359,44.34,39.09,58.52,253.1,300.6,167.5,170.84,2026-04-24,53.63,2025-05-07,20260429
LRCX,Lam Research,半導体製造装置,US,248.75,-0.99,9541600,9024680,1.06,"12269100,12313200,8095400,11499500,9541600",272.41,58.66,88.9,253.03,236.33,172.37,44.0,7.3028,9.203,-1.9003,288.04,218.03,43.9,なし,46.93,1.49,311079534592.0,23.8,41.0,307.74194,23.7,2026-04-29T22:55:07.160111,58.82,50.91,70.38,322.9,388.6,253.4,275.84,2026-04-24,68.03,2025-04-30,20260429
KLAC,KLA Corporation,半導体検査装置,US,1816.21,0.4,1041508,855260,1.22,"928500,1143100,1119600,1339800,1041508",1935.0,572.19,91.3,1739.0,1580.0,1250.53,58.8,86.5002,84.8909,1.6093,1980.75,1497.25,66.0,なし,52.84,,238636072960.0,7.2,42.0,1728.5862,-4.8,2026-04-29T22:55:07.581283,299.23,376.06,682.77,507.0,383.0,166.0,1939.36,2026-04-24,669.13,2025-04-30,20260429
AMAT,Applied Materials,半導体製造装置,US,382.59,0.39,4997676,5495023,0.91,"4420800,6159600,5663400,10396200,4997676",417.04,125.82,88.2,387.18,368.55,266.93,41.2,10.0611,11.9145,-1.8533,426.47,347.9,44.2,なし,39.2,1.99,303627206656.0,-2.1,56.0,422.96875,10.6,2026-04-29T22:55:08.020449,127.17,110.14,148.22,200.8,247.4,158.1,420.5,2026-04-24,143.43,2025-04-30,20260429
CDNS,Cadence Design,半導体EDA,US,329.95,1.43,2914636,2523606,1.15,"2318000,3316100,4034400,4885200,2914636",373.37,231.64,69.4,303.58,296.33,321.48,67.9,11.6017,8.2428,3.3589,348.63,258.53,79.3,なし,76.91,2.95,91096580096.0,18.7,,380.0111,15.2,2026-04-29T22:55:08.325457,131.77,209.45,302.22,150.4,57.5,9.2,376.45,2025-07-31,262.75,2026-02-03,20260429
SNPS,Synopsys,半導体EDA,US,481.22,-0.55,1152389,1663604,0.69,"1864100,2891300,2227500,1548300,1152389",645.35,380.47,38.0,439.39,430.2,480.33,71.0,18.7665,12.2474,6.519,514.06,364.72,78.0,なし,73.69,3.19,92183478272.0,65.5,,534.6481,11.1,2026-04-29T22:55:08.632757,247.06,371.32,460.77,94.8,29.6,4.4,651.73,2025-07-30,376.18,2025-11-18,20260429
TSM,TSMC,半導体ファウンドリ,US,393.83,0.38,10050448,13532087,0.74,"12224900,21603600,16561200,14715800,10050448",404.98,139.64,95.8,371.3,358.47,302.64,63.3,12.7754,10.0113,2.7641,410.17,332.43,79.0,なし,33.69,1.22,2042559987712.0,35.1,89.0,463.4514,17.7,2026-04-29T22:55:09.022223,107.45,80.65,162.47,266.5,388.3,142.4,414.5,2026-04-27,159.77,2025-04-30,20260429
INTC,Intel,半導体,US,94.75,12.1,226686173,135377773,1.67,"155141800,281405200,178820200,147773500,226686173",94.75,18.13,100.0,66.34,53.53,39.42,87.3,9.5212,6.9,2.6212,90.94,41.75,107.8,なし,64.34,1.36,476213477376.0,7.2,,76.97262,-18.8,2026-04-29T22:55:09.444259,52.32,30.32,20.34,81.1,212.5,365.8,94.95,2026-04-29,18.97,2025-08-01,20260429
QCOM,Qualcomm,半導体/通信,US,156.0,4.0,34105832,13868686,2.46,"10164900,29449600,41744000,22921300,34105832",185.53,121.81,53.7,135.16,135.06,155.08,88.2,4.5878,1.8096,2.7782,153.59,116.74,106.6,ゴールデンクロス,31.39,,166615040000.0,5.0,245.0,150.10345,-3.8,2026-04-29T22:55:09.858024,124.42,109.08,143.52,25.4,43.0,8.7,203.6,2025-10-27,121.99,2026-04-07,20260429
MU,Micron Technology,半導体/メモリ,US,518.46,2.81,35354365,41699398,0.85,"38178000,35379600,41298800,44816600,35354365",524.56,64.57,98.7,445.5,421.15,272.74,75.9,29.5828,21.4474,8.1354,543.99,347.02,87.0,なし,24.48,0.29,584684994560.0,196.3,12.0,537.7805,3.7,2026-04-29T22:55:10.287839,83.94,63.54,76.7,517.6,716.0,576.0,531.36,2026-04-27,73.32,2025-04-30,20260429
META,Meta Platforms,テック/広告,US,669.12,-0.33,16921156,14223167,1.19,"11667000,13348300,12805200,10606800,16921156",788.15,483.15,61.0,643.71,631.46,678.32,65.6,16.5967,14.0201,2.5766,723.94,563.48,65.8,なし,28.47,,1698509750272.0,23.8,31.0,855.1127,27.8,2026-04-29T22:55:10.676785,322.55,238.45,552.72,107.4,180.6,21.1,794.38,2025-08-15,520.26,2026-03-27,20260429
PLTR,Palantir,AI/ソフトウェア,US,137.97,-2.27,32062834,48053051,0.67,"58654400,38677200,31275400,24757200,32062834",207.18,74.01,48.0,142.15,144.93,164.38,58.2,-1.2437,-1.2491,0.0053,155.17,129.13,33.9,なし,215.58,2.81,330735779840.0,70.0,,184.4672,33.7,2026-04-29T22:55:11.055273,23.04,7.75,116.08,498.8,1680.3,18.9,207.52,2025-11-03,105.32,2025-05-06,20260429
MSFT,Microsoft,テック/クラウド,US,424.46,-1.12,31217392,31926939,0.98,"38308000,27457400,30867300,30438100,31217392",539.83,351.87,38.6,401.6,395.61,467.55,73.5,10.7505,7.5726,3.1779,451.01,352.2,73.1,なし,26.58,,3154747064320.0,16.7,85.0,570.7213,34.5,2026-04-29T22:55:11.492156,241.98,300.15,391.05,75.4,41.4,8.5,552.24,2025-07-31,356.28,2026-03-30,20260429
AAPL,Apple,テック/消費者,US,270.17,-0.2,24117049,40487972,0.6,"33399600,38157100,41466800,40018900,24117049",285.92,171.67,86.2,264.36,260.69,254.23,60.6,3.7152,3.1083,0.6069,277.51,251.22,72.1,なし,34.2,2.43,3966403870720.0,15.7,38.0,297.8805,10.3,2026-04-29T22:55:12.152159,128.04,167.26,210.29,111.0,61.5,28.5,288.35,2025-12-03,192.41,2025-05-07,20260429
AMZN,Amazon,テック/EC/クラウド,US,263.04,1.29,56731766,45595098,1.24,"39091400,53777400,44906800,42204400,56731766",263.99,167.32,99.0,241.72,222.33,226.96,83.3,12.2913,10.7824,1.5089,278.63,204.8,78.9,なし,36.69,,2828798525440.0,13.6,,283.97656,8.0,2026-04-29T22:55:12.496382,173.37,105.45,187.39,51.7,149.4,40.4,265.91,2026-04-29,178.85,2025-04-30,20260429
GOOGL,Alphabet,テック/広告/AI,US,349.94,0.05,29676925,24346306,1.22,"18650300,26426100,28576900,27824100,29676925",350.34,144.2,99.8,328.15,312.17,278.83,77.6,11.7261,9.6163,2.1098,363.9,292.41,80.5,なし,32.37,,4233379446784.0,18.0,24.0,378.50394,8.2,2026-04-29T22:55:12.836007,116.71,106.46,159.61,199.8,228.7,119.3,355.79,2026-04-29,147.33,2025-05-07,20260429
TSLA,Tesla,EV/AI/エネルギー,US,372.8,-0.86,43212673,68150108,0.63,"93969500,62893300,66735800,50864400,43212673",489.88,221.86,56.3,371.06,384.73,401.79,63.5,-0.7248,-1.9039,1.1791,407.07,335.04,52.4,なし,342.02,5.18,1400133779456.0,15.8,,414.09903,11.1,2026-04-29T22:55:13.190334,236.48,164.31,292.03,57.6,126.9,27.7,498.83,2025-12-22,270.78,2025-04-30,20260429
CRM,Salesforce,クラウド/SaaS,US,181.22,-0.06,5838815,13622480,0.43,"22719900,10817600,11907000,8711700,5838815",288.99,164.96,13.1,179.69,186.56,228.5,58.9,-1.8567,-2.7124,0.8557,192.72,166.66,55.9,なし,23.23,0.98,148247707648.0,12.1,97.0,269.37347,48.6,2026-04-29T22:55:13.549748,226.99,195.5,265.78,-20.2,-7.3,-31.8,293.86,2025-05-14,163.52,2026-04-10,20260429
NOW,ServiceNow,クラウド/SaaS,US,88.89,-1.77,16608008,28345260,0.59,"84103100,39011800,32789100,20990400,16608008",208.94,83.0,4.7,94.56,103.95,150.99,49.2,-4.0845,-4.0778,-0.0067,107.55,81.56,28.2,なし,52.91,0.88,91672969216.0,22.1,,142.0414,59.8,2026-04-29T22:55:13.949316,101.27,91.88,188.57,-12.2,-3.3,-52.9,211.48,2025-07-03,81.24,2026-04-10,20260429
SNOW,Snowflake,クラウド/データ,US,141.22,-0.94,3815952,7997547,0.48,"7625800,11754800,5395100,3578800,3815952",277.14,121.11,12.9,144.01,159.49,207.85,56.4,-4.7076,-5.7439,1.0364,160.68,127.35,41.6,なし,58.06,3.99,48819752960.0,30.1,,232.73701,64.8,2026-04-29T22:55:14.340797,231.59,148.08,160.35,-39.0,-4.6,-11.9,280.67,2025-11-03,118.3,2026-04-10,20260429
DDOG,Datadog,クラウド/監視,US,133.98,1.85,3417045,4483127,0.76,"6160300,3195600,3687900,3296100,3417045",199.72,87.0,41.7,122.07,121.1,138.11,78.5,3.3317,1.7203,1.6114,139.85,104.29,83.5,なし,418.69,0.99,47409000448.0,29.2,,176.95026,32.1,2026-04-29T22:55:14.676870,85.77,67.38,102.31,56.2,98.8,31.0,201.69,2025-11-11,98.01,2026-02-24,20260429
NET,Cloudflare,クラウド/セキュリティ,US,211.97,1.66,2335932,4301501,0.54,"2426700,2076600,3503600,3291000,2335932",253.3,97.08,73.5,201.63,199.27,202.91,60.0,2.3993,0.8869,1.5124,227.51,175.75,70.0,なし,147.02,2.38,74609262592.0,33.6,,231.85484,9.4,2026-04-29T22:55:15.065222,84.74,47.05,122.23,150.1,350.5,73.4,260.0,2025-11-03,117.07,2025-04-30,20260429
CRWD,CrowdStrike,サイバーセキュリティ,US,452.38,-0.57,1896785,3339489,0.57,"3225500,2271700,2297100,1872900,1896785",557.53,321.63,55.4,423.67,412.13,457.77,70.0,12.6885,8.3705,4.318,475.42,371.93,77.7,なし,73.3,3.75,114729943040.0,23.3,,491.7239,8.7,2026-04-29T22:55:15.413202,208.51,120.05,430.99,117.0,276.8,5.0,566.9,2025-11-12,342.72,2026-02-23,20260429
ZS,Zscaler,サイバーセキュリティ,US,134.73,-0.98,1336662,2860198,0.47,"3054800,2319000,2045700,2168800,1336662",336.27,118.05,7.6,133.54,145.07,235.24,63.7,-3.0791,-4.6074,1.5283,147.38,119.7,54.3,なし,29.37,1.46,21663330304.0,25.9,,229.45222,70.3,2026-04-29T22:55:15.862272,187.64,90.1,223.85,-28.2,49.5,-39.8,336.99,2025-11-03,114.62,2026-04-10,20260429
PANW,Palo Alto Networks,サイバーセキュリティ,US,181.54,0.3,4134401,7475330,0.55,"6965200,5887600,7893800,6451900,4134401",221.38,141.67,50.0,169.91,162.67,185.15,62.4,4.9594,3.3556,1.6038,186.15,153.66,85.8,なし,101.42,3.04,147228934144.0,14.9,,206.1408,13.6,2026-04-29T22:55:16.181213,58.9,91.23,186.65,208.2,99.0,-2.7,223.61,2025-10-28,139.57,2026-02-24,20260429
SHOP,Shopify,EC/SaaS,US,121.26,-0.65,5059250,7242972,0.7,"7913000,8409000,4027800,4926900,5059250",179.01,76.89,43.4,122.49,122.61,141.93,59.7,0.9117,1.0175,-0.1059,135.98,109.01,45.4,なし,129.0,2.41,157757702144.0,30.6,,159.5,31.5,2026-04-29T22:55:16.525707,118.25,48.45,98.92,2.5,150.3,22.6,182.19,2025-10-29,88.14,2025-05-08,20260429
UBER,Uber Technologies,モビリティ,US,74.47,0.49,11572556,13664137,0.85,"18671000,13007200,14670000,14039000,11572556",100.1,64.62,27.8,74.14,73.9,85.36,57.9,0.4499,0.4262,0.0237,78.73,69.55,53.6,なし,15.74,4.51,153267896320.0,20.1,,103.46462,38.9,2026-04-29T22:55:16.903040,54.77,31.05,79.42,36.0,139.8,-6.2,101.99,2025-09-22,68.46,2026-03-27,20260429
ABNB,Airbnb,旅行/プラットフォーム,US,140.28,0.89,3483435,3250236,1.07,"3189300,2705500,2251600,4225600,3483435",144.18,105.69,89.9,135.4,132.24,128.31,71.7,3.2771,2.9726,0.3045,149.4,121.39,67.4,なし,34.81,1.31,83399999488.0,12.0,,147.68056,5.3,2026-04-29T22:55:17.211950,172.71,119.67,125.49,-18.8,17.2,11.8,147.25,2026-04-22,110.81,2025-11-20,20260429
XYZ,Block (Square),フィンテック,US,69.46,-0.12,4898961,5032718,0.97,"3751600,3925700,3991200,4507400,4898961",81.11,46.53,66.3,66.8,62.38,68.17,65.7,2.7226,2.6669,0.0558,76.5,57.1,63.7,なし,33.08,0.79,41374220288.0,3.6,,86.529,24.6,2026-04-29T22:55:17.525179,244.82,60.79,59.56,-71.6,14.3,16.6,82.5,2025-08-08,44.27,2025-05-02,20260429
COIN,Coinbase,暗号資産,US,181.73,-6.37,12534871,9825748,1.28,"8778500,5799100,7855600,6316100,12534871",419.78,141.09,14.6,187.57,186.56,266.14,56.4,2.819,2.9581,-0.139,216.01,159.13,39.7,なし,40.93,0.74,47990378496.0,-22.2,,241.79552,33.1,2026-04-29T22:55:17.840005,297.64,53.79,206.13,-38.9,237.9,-11.8,444.65,2025-07-18,139.36,2026-02-12,20260429
LLY,Eli Lilly,ヘルスケア/製薬,US,851.21,-2.61,3292614,2915395,1.13,"2149200,4463700,2700300,2561300,3292614",1108.09,622.32,47.1,916.19,950.57,907.87,23.8,-20.6783,-16.1069,-4.5714,973.84,858.54,-6.4,なし,37.03,1.29,760434786304.0,42.6,71.0,1202.3448,41.3,2026-04-29T22:55:18.378587,173.88,387.17,878.69,389.5,119.9,-3.1,1132.06,2026-01-08,620.46,2025-08-08,20260429
NVO,Novo Nordisk,ヘルスケア/製薬,US,40.29,-2.14,15345106,16180000,0.95,"12266500,25017300,19367700,16387700,15345106",77.31,34.76,13.0,39.03,38.1,48.61,65.0,0.6874,0.4105,0.2769,42.45,35.6,68.4,なし,11.16,4.53,178654003200.0,-7.6,438.0,46.460182,15.3,2026-04-29T22:55:18.868969,33.21,77.2,62.15,21.3,-47.8,-35.2,77.68,2025-06-13,34.58,2026-03-03,20260429
ISRG,Intuitive Surgical,ヘルスケア/ロボット,US,453.83,-2.75,2055142,2177517,0.94,"2889700,2655200,2028000,1836400,2055142",592.85,429.59,14.8,463.24,476.68,500.71,49.6,-1.7597,-2.798,1.0383,483.88,442.59,27.2,なし,55.28,2.5,160729726976.0,23.0,,577.00934,27.1,2026-04-29T22:55:19.182714,288.33,301.22,514.89,57.4,50.7,-11.9,603.88,2026-01-07,427.84,2025-10-14,20260429
DXCM,DexCom,ヘルスケア/医療機器,US,57.56,-2.97,6549558,4189772,1.56,"2505600,3599900,3376900,5590700,6549558",89.53,54.84,7.8,62.62,66.33,69.73,25.4,-1.6135,-1.299,-0.3145,66.49,58.75,-15.3,なし,27.54,1.3,22210850816.0,13.1,,86.875,50.9,2026-04-29T22:55:19.511070,96.53,121.34,71.3,-40.4,-52.6,-19.3,89.98,2025-07-30,54.11,2025-11-07,20260429
NFLX,Netflix,エンタメ/ストリーミング,US,92.12,-0.16,25539487,41694089,0.61,"36851700,32553200,29707400,33418100,25539487",133.91,75.86,28.0,98.02,94.07,104.49,29.8,-0.8017,0.5279,-1.3296,108.96,87.08,23.0,なし,29.72,1.81,387898769408.0,16.2,,114.65705,24.5,2026-04-29T22:55:19.883858,51.35,32.99,112.56,79.4,179.2,-18.2,134.12,2025-06-30,75.01,2026-02-23,20260429
V,Visa,フィンテック/決済,US,334.86,8.26,16641544,6623107,2.51,"7275000,5616900,6261500,8839900,16641544",371.15,295.52,52.0,310.14,310.27,332.05,73.8,2.3946,0.6874,1.7072,325.37,294.91,131.1,なし,29.17,1.69,645623316480.0,14.6,87.0,395.71457,18.2,2026-04-29T22:55:20.322831,225.13,227.51,338.98,48.7,47.2,-1.2,373.34,2025-06-11,293.89,2026-04-01,20260429
MA,Mastercard,フィンテック/決済,US,525.23,3.47,5866444,3241367,1.81,"2724000,2406900,2531300,3892500,5866444",596.25,476.35,40.8,507.77,507.16,547.18,65.0,1.9185,0.9117,1.0069,526.7,488.84,96.1,ゴールデンクロス,31.83,1.62,464501080064.0,17.6,69.0,652.69446,24.3,2026-04-29T22:55:20.722354,371.11,373.4,536.51,41.5,40.7,-2.1,599.05,2025-08-22,479.68,2026-03-27,20260429
SMCI,Super Micro Computer,サーバー/AI,US,26.32,-3.41,25748010,30342960,0.85,"46874200,38559400,28746100,23282200,25748010",60.71,20.53,14.4,26.17,27.89,38.02,60.9,0.2948,0.1018,0.1931,31.1,21.23,51.5,なし,19.21,0.91,15804684288.0,123.4,,33.2,26.1,2026-04-29T22:55:21.121208,3.7,10.54,36.0,611.0,149.6,-26.9,62.36,2025-07-31,19.48,2026-03-23,20260429
ARM,Arm Holdings,半導体/IP,US,201.69,1.53,6010082,8611684,0.7,"16854100,20481700,13922800,13367900,6010082",234.81,85.82,77.8,172.72,146.49,140.68,70.0,18.8153,15.4523,3.363,225.93,119.52,77.2,なし,268.92,2.39,214194503680.0,26.3,,170.83861,-15.3,2026-04-29T22:55:21.484149,,,111.65,,,80.6,237.68,2026-04-24,100.02,2026-02-05,20260429
DELL,Dell Technologies,サーバー/PC,US,205.66,-0.13,3600940,6258007,0.58,"4421500,4621400,5821000,4437700,3600940",216.09,70.11,92.9,193.01,165.79,139.97,64.9,13.5556,13.4327,0.1229,225.96,160.06,69.2,なし,23.67,0.85,133717819392.0,39.5,122.0,187.0,-9.1,2026-04-29T22:55:21.889002,45.35,41.23,92.38,353.5,398.8,122.6,221.5,2026-04-27,85.46,2025-04-30,20260429
HPE,Hewlett Packard Enterprise,サーバー/ネットワーク,US,28.3,1.25,9885752,13701907,0.72,"11628400,11110900,8439200,11453000,9885752",28.76,12.2,97.2,26.24,23.61,22.83,73.7,1.3971,1.2716,0.1255,29.79,22.69,79.0,なし,10.4,0.85,37549969408.0,18.4,204.0,26.74632,-5.5,2026-04-29T22:55:22.278472,13.84,13.19,15.91,104.4,114.5,77.9,29.63,2026-04-21,15.32,2025-04-30,20260429
ORCL,Oracle,クラウド/DB,US,163.83,-1.28,20178126,31504391,0.64,"37084200,33215000,21616600,33716500,20178126",325.76,121.6,20.7,161.89,154.71,211.81,66.3,5.6579,5.7431,-0.0852,194.34,129.45,53.0,なし,29.36,1.05,471182639104.0,21.7,121.0,243.22795,48.5,2026-04-29T22:55:22.693225,70.84,91.43,139.39,131.3,79.2,17.5,343.01,2025-09-10,134.22,2025-04-30,20260429
IBM,IBM,AI/コンサルティング,US,227.1,-2.55,6415565,6360663,1.01,"22297800,9816900,8060700,5162900,6415565",313.19,215.67,11.7,241.63,244.26,271.36,43.0,-4.1321,-2.5751,-1.557,259.97,223.3,10.4,なし,20.1,2.18,213447966720.0,9.5,290.0,279.6765,23.2,2026-04-29T22:55:23.241409,111.12,114.04,233.58,104.4,99.1,-2.8,323.06,2025-11-12,220.72,2026-02-23,20260429
ADBE,Adobe,クリエイティブ/SaaS,US,243.57,0.15,2635264,5267388,0.5,"9617000,6492900,5067700,4641700,2635264",420.68,225.35,9.3,241.94,251.03,315.39,57.7,-1.8402,-2.849,1.0088,255.17,228.71,56.2,なし,14.19,0.69,98450997248.0,12.0,,327.955,34.6,2026-04-29T22:55:23.759327,508.34,377.56,370.98,-52.1,-35.5,-34.3,422.95,2025-05-21,224.13,2026-04-10,20260429
IONQ,IonQ,量子コンピュータ,US,42.11,-2.25,24364599,33523964,0.73,"35984300,20671100,22968700,21447700,24364599",82.09,20.68,34.9,37.88,35.19,46.5,72.7,3.0835,2.7191,0.3644,53.87,21.88,63.2,なし,-46.98,,15439243264.0,428.5,,64.55571,53.3,2026-04-29T22:55:24.138038,10.78,5.51,28.09,290.6,664.2,49.9,84.64,2025-10-13,25.89,2026-03-30,20260429
RGTI,Rigetti Computing,量子コンピュータ,US,16.08,-1.89,21332051,30725352,0.69,"27598800,19593900,18203500,17554300,21332051",56.34,7.5,17.6,16.44,16.27,22.83,58.8,0.291,0.3865,-0.0955,20.64,12.23,45.8,なし,-88.79,,5344116224.0,-17.9,,30.57583,90.1,2026-04-29T22:55:24.459475,9.93,0.47,8.86,61.9,3321.3,81.5,58.15,2025-10-14,8.35,2025-04-30,20260429
RKLB,Rocket Lab,宇宙/ロケット,US,77.02,-2.0,17296380,23760379,0.73,"22664100,22130400,19386300,14379700,17296380",96.3,16.37,75.9,76.18,72.28,61.75,60.9,3.204,3.2712,-0.0672,92.97,59.39,52.5,なし,1502.83,,44520968192.0,35.7,,87.562,13.7,2026-04-29T22:55:24.798669,10.46,3.92,22.4,636.3,1864.8,243.8,99.58,2026-01-16,20.23,2025-05-09,20260429
AI,C3.ai,AI/エンタープライズ,US,8.86,-1.23,3065038,4489996,0.68,"7079900,4167100,3777400,3582200,3065038",29.16,7.76,5.1,8.85,8.94,14.77,53.6,-0.0155,-0.0408,0.0253,9.59,8.1,50.8,なし,-10.55,,1287280128.0,-46.1,,8.81818,-0.5,2026-04-29T22:55:25.275191,66.26,17.82,22.51,-86.6,-50.3,-60.6,30.24,2025-05-29,7.68,2026-03-30,20260429
PATH,UiPath,RPA/自動化,US,10.38,-1.7,16999347,23018212,0.74,"34095800,21517400,25467000,22075500,16999347",19.29,9.38,10.1,10.5,10.96,13.12,55.3,-0.2121,-0.2633,0.0512,11.4,9.59,43.5,なし,19.96,0.36,5438308864.0,13.6,,13.805,33.0,2026-04-29T22:55:25.610097,72.0,14.08,11.82,-85.6,-26.3,-12.2,19.84,2025-12-08,9.28,2026-04-10,20260429
MDB,MongoDB,クラウド/DB,US,258.29,0.03,846006,1599325,0.53,"1814700,2074300,1252500,1214100,846006",440.6,145.85,38.1,251.67,269.17,316.52,65.9,-1.9355,-5.1525,3.2171,275.97,227.36,63.6,なし,36.65,1.67,20758646784.0,26.7,,351.0975,35.9,2026-04-29T22:55:25.999735,297.46,239.96,174.69,-13.2,7.6,47.9,444.72,2026-01-07,167.19,2025-04-30,20260429
ESTC,Elastic,検索/データ分析,US,47.4,-0.11,755148,1685232,0.45,"2040100,2419100,1689900,1215500,755148",102.42,43.3,6.9,47.66,51.32,72.72,57.8,-1.2617,-1.6145,0.3528,51.6,43.71,46.8,なし,16.67,1.37,4905948160.0,17.7,,78.59072,65.8,2026-04-29T22:55:26.327284,120.62,57.25,85.97,-60.7,-17.2,-44.9,96.07,2025-11-12,42.05,2026-04-10,20260429
PYPL,PayPal,フィンテック/決済,US,50.94,2.62,18297106,12676810,1.44,"11581400,8259300,7992800,9761400,18297106",77.8,38.96,30.8,48.36,46.36,59.29,70.3,1.3065,1.1856,0.1209,53.31,43.41,76.0,なし,9.42,0.9,45829390336.0,3.7,113.0,52.96735,4.0,2026-04-29T22:55:26.705635,260.9,75.6,65.97,-80.5,-32.6,-22.8,79.08,2025-07-28,38.34,2026-02-12,20260429
SOFI,SoFi Technologies,フィンテック/ネオバンク,US,15.52,-15.44,198236777,61582748,3.22,"51760700,41206300,47554300,67972700,198236777",32.21,9.5,26.5,17.59,17.73,23.81,45.7,0.0786,0.1516,-0.073,20.41,14.77,13.3,なし,39.81,,19798470656.0,40.2,,23.475,51.2,2026-04-29T22:55:27.422078,17.0,6.23,13.27,-8.7,149.2,17.0,32.73,2025-11-12,12.05,2025-04-30,20260429
AFRM,Affirm Holdings,フィンテック/BNPL,US,63.48,0.51,3802130,4878676,0.78,"5710800,4095900,3523400,3309000,3802130",92.18,35.75,49.1,57.2,51.44,67.67,73.0,4.1903,3.6459,0.5443,72.93,41.47,70.0,なし,78.37,0.76,21145864192.0,29.6,,79.07778,24.6,2026-04-29T22:55:27.813724,70.5,9.86,50.4,-10.0,543.8,26.0,100.0,2025-08-29,42.1,2026-03-27,20260429
RIVN,Rivian Automotive,EV,US,16.06,-0.5,15685345,23305477,0.67,"24269300,23800400,21176000,16286300,15685345",22.45,10.8,45.2,16.14,15.71,15.27,57.9,0.2873,0.3262,-0.0389,17.88,14.4,47.8,なし,-8.27,,20242391040.0,-25.8,,18.16,13.1,2026-04-29T22:55:28.182563,,12.82,13.3,,25.3,20.8,22.69,2025-12-22,11.57,2025-08-06,20260429
LCID,Lucid Group,EV,US,5.76,-1.87,16556693,20259254,0.82,"37794900,17179100,22676000,16357900,16556693",31.3,5.76,0.0,7.8,9.12,15.3,20.2,-1.0153,-0.8254,-0.1899,10.54,5.05,12.9,なし,-1.37,,2109325952.0,122.9,,12.77273,121.7,2026-04-29T22:55:28.657333,210.9,79.4,25.6,-97.3,-92.7,-77.5,33.7,2025-07-17,5.62,2026-04-29,20260429
ENPH,Enphase Energy,太陽光/クリーンエネルギー,US,31.19,-9.07,17200395,7115554,2.42,"7628700,5217600,4406600,9706800,17200395",62.77,26.12,13.8,33.47,39.29,36.38,49.7,-1.3588,-1.7169,0.3581,37.44,29.5,21.3,なし,24.18,0.85,4110341376.0,-10.3,,41.7,33.7,2026-04-29T22:55:28.993622,139.25,164.2,47.71,-77.6,-81.0,-34.6,54.43,2025-05-12,25.78,2025-11-21,20260429
RBLX,Roblox,ゲーム/メタバース,US,56.28,0.3,6936786,8425344,0.82,"10759900,11981400,7355000,6501500,6936786",141.56,51.22,5.6,57.97,59.71,95.28,53.3,-0.6366,-0.5608,-0.0758,62.21,53.72,30.1,なし,-42.6,8.18,40284950528.0,43.2,,101.34114,80.1,2026-04-29T22:55:29.300573,74.55,35.6,66.4,-24.5,58.1,-15.2,150.59,2025-07-31,51.23,2026-03-30,20260429
TTWO,Take-Two Interactive,ゲーム,US,215.34,1.09,991998,1451319,0.68,"1587900,1101500,1532900,929000,991998",262.29,189.69,35.3,207.62,205.78,231.86,70.8,3.0173,2.192,0.8253,223.34,191.9,74.6,なし,27.34,2.26,39875682304.0,24.9,,277.09644,28.7,2026-04-29T22:55:29.729115,175.38,124.29,230.71,22.8,73.3,-6.7,264.79,2025-10-15,187.63,2026-03-27,20260429
EA,Electronic Arts,ゲーム,US,202.67,0.07,1271253,1524677,0.83,"1330100,1125000,1833200,1715100,1271253",204.6,131.96,97.3,203.13,201.7,192.29,55.5,0.1954,0.3623,-0.1668,204.33,201.93,30.9,なし,75.91,1.68,50718920704.0,1.0,38.0,205.625,1.5,2026-04-29T22:55:30.096698,138.37,125.34,145.35,46.5,61.7,39.4,204.7,2025-12-31,140.77,2025-05-29,20260429
MRNA,Moderna,バイオテック/mRNA,US,45.72,-3.01,5468151,5511162,0.99,"4062700,4552400,6089500,3643500,5468151",57.8,22.36,65.9,51.41,51.86,35.56,34.6,-0.5701,0.2902,-0.8603,56.82,46.0,-2.6,なし,-9.67,,18131951616.0,-29.8,,41.42105,-9.4,2026-04-29T22:55:30.434846,178.82,132.89,27.82,-74.4,-65.6,64.3,59.55,2026-03-04,22.28,2025-11-21,20260429
ABBV,AbbVie,製薬/バイオ,US,203.89,3.14,10397303,6667830,1.56,"7461100,7605800,7467600,6313100,10397303",238.71,164.79,52.9,205.19,213.84,214.44,39.5,-3.5726,-3.4228,-0.1498,214.02,196.36,42.6,なし,86.03,0.46,360632942592.0,10.0,350.0,249.26666,22.3,2026-04-29T22:55:30.839441,92.44,135.71,187.4,120.6,50.2,8.8,239.13,2025-10-01,171.0,2025-05-15,20260429
TMO,Thermo Fisher Scientific,ライフサイエンス,US,466.26,-0.84,1356270,1985583,0.68,"5729400,2684400,2280000,2243000,1356270",638.82,389.23,30.9,499.25,496.88,525.45,37.5,-6.907,-1.4507,-5.4563,544.73,453.76,13.7,なし,25.62,1.55,173272186880.0,6.2,37.0,620.5417,33.1,2026-04-29T22:55:31.389847,463.91,549.78,425.96,0.5,-15.2,9.5,643.35,2026-01-22,384.44,2025-06-18,20260429
VOO,Vanguard S&P 500,指数ETF,US,654.24,-0.0,4816096,6625434,0.73,"6519500,4793800,5319200,5527100,4816096",657.5,451.33,98.4,636.22,623.31,613.0,77.6,11.5151,9.8026,1.7125,675.76,596.69,72.8,なし,28.25,,,,119.0,,,2026-04-29T22:55:31.765656,357.16,366.96,503.45,83.2,78.3,30.0,657.9,2026-04-27,491.86,2025-04-30,20260429
QQQ,Invesco NASDAQ 100,指数ETF,US,661.57,0.61,27393020,43660441,0.63,"40099800,45563100,32717000,34147900,27393020",664.23,414.06,98.9,629.57,609.66,601.7,81.7,17.4076,14.2597,3.1479,686.14,572.99,78.3,なし,34.95,,,,49.0,,,2026-04-29T22:55:32.144162,328.0,316.94,473.24,101.7,108.7,39.8,664.51,2026-04-24,460.2,2025-04-30,20260429
SOXX,iShares Semiconductor,半導体ETF,US,449.99,2.57,5748447,6493257,0.89,"10812400,9072000,8924600,11014900,5748447",461.6,153.88,96.2,402.02,365.53,307.08,80.5,27.3732,23.2038,4.1694,480.6,323.44,80.5,なし,50.53,,,,51.0,,,2026-04-29T22:55:32.550669,135.1,134.55,181.35,233.1,234.4,148.1,463.87,2026-04-24,175.65,2025-04-30,20260429
ARKK,ARK Innovation,イノベーションETF,US,73.53,-2.54,9653424,9526826,1.01,"12443200,7712800,5877600,9649800,9653424",92.53,40.51,63.5,73.92,72.31,77.77,61.3,1.4099,1.4882,-0.0783,82.14,65.7,47.6,なし,48.41,,,,,,,2026-04-29T22:55:32.913722,118.79,35.62,51.53,-38.1,106.4,42.7,92.65,2025-10-08,48.53,2025-05-06,20260429
XLF,Financial Select SPDR,金融ETF,US,51.92,0.14,21917407,34235160,0.64,"44647900,27225300,25764300,24337500,21917407",56.11,43.25,67.4,51.4,50.58,52.3,56.7,0.468,0.4643,0.0037,53.37,49.43,63.1,なし,17.51,,,,160.0,,,2026-04-29T22:55:33.378526,33.23,31.6,47.93,56.2,64.3,8.3,56.23,2026-01-06,46.78,2025-04-30,20260429
XLE,Energy Select SPDR,エネルギーETF,US,59.03,2.29,40243548,48565307,0.83,"34707200,36426700,33070600,39151300,40243548",62.56,37.03,86.2,57.28,57.34,47.82,59.7,-0.0705,-0.188,0.1175,60.27,54.29,79.3,デッドクロス,22.75,,,,244.0,,,2026-04-29T22:55:33.816381,20.53,38.6,40.08,187.6,52.9,47.3,63.46,2026-03-30,38.52,2025-04-30,20260429
XLV,Health Care Select SPDR,ヘルスケアETF,US,142.84,-0.7,11832530,8511956,1.39,"7612000,7969700,6571900,8612400,11832530",159.54,126.51,49.4,146.7,149.54,145.85,29.2,-1.3788,-1.0786,-0.3003,150.55,142.85,-0.1,なし,25.16,,,,171.0,,,2026-04-29T22:55:34.209756,111.94,127.02,136.84,27.6,12.5,4.4,159.93,2026-01-07,125.12,2025-05-15,20260429
8035,東京エレクトロン,半導体製造装置,JP,45150.0,-4.14,3291600,2970200,1.11,"2047100,2968500,2312400,3605000,3291600",47100.0,16745.46,93.6,42988.5,41688.07,32892.86,59.2,1573.5414,1305.7856,267.7559,48885.5,37091.5,68.3,なし,38.31,2.13,20625294884864.0,-15.7,133.0,47877.273,6.0,2026-04-29T22:55:34.660806,14254.37,14632.58,20809.13,216.7,208.6,117.0,47710.0,2026-04-27,19503.65,2025-09-03,20260429
6920,レーザーテック,半導体検査装置,JP,44330.0,-3.15,3858100,4957645,0.78,"4291700,5153500,4801300,4078300,3858100",45770.0,10327.44,95.9,40892.5,36551.2,27122.23,60.8,2531.7164,2271.9111,259.8053,47736.95,34048.05,75.1,なし,45.87,,3973327618048.0,-19.7,74.0,36420.0,-17.8,2026-04-29T22:55:35.025331,18503.95,17757.25,12685.32,139.6,149.6,249.5,46450.0,2026-04-27,12089.7,2025-04-30,20260429
6146,ディスコ,半導体製造装置,JP,76440.0,0.54,2920700,2607050,1.12,"2794300,4570700,2782200,3125800,2920700",79547.88,23401.8,94.5,69769.0,70110.4,54091.88,69.3,2014.0438,1292.254,721.7897,78556.69,60981.31,88.0,なし,60.98,2.58,8290837200896.0,,66.0,76950.0,0.7,2026-04-29T22:55:35.400058,10959.37,14994.44,27194.68,597.5,409.8,181.1,80542.22,2026-02-26,26743.5,2025-04-30,20260429
6857,アドバンテスト,半導体テスト装置,JP,29750.0,-5.56,19894900,10845455,1.83,"9077500,10679900,15405700,18594000,19894900",31500.0,5017.08,93.4,26053.5,25229.87,19116.49,68.7,1591.0068,1100.7208,490.286,32052.8,20054.2,80.8,なし,57.8,1.37,21584093904896.0,41.2,20.0,31565.0,6.1,2026-04-29T22:55:35.782407,2486.5,2594.41,5690.81,1096.5,1046.7,422.8,32400.0,2026-04-27,5622.04,2025-04-30,20260429
6526,ソシオネクスト,SoC設計,JP,2009.5,-4.31,9324000,6904725,1.35,"4881200,26203700,9891200,9847400,9324000",3448.16,1288.31,33.4,1894.45,1877.05,2356.82,56.0,36.2071,9.7361,26.471,2071.95,1716.95,82.4,なし,35.71,,352153403392.0,19.2,249.0,2330.0,15.9,2026-04-29T22:55:36.091498,,2129.47,1454.24,,-5.6,38.2,3448.16,2025-10-31,1459.14,2025-04-30,20260429
7011,三菱重工業,防衛/エネルギー,JP,4797.0,2.3,19210500,22215620,0.86,"20727400,32997300,18264500,18063900,19210500",5181.38,2053.68,87.7,4676.3,4713.8,4191.91,47.6,2.887,-16.3879,19.2749,4936.41,4416.19,73.2,なし,59.17,2.69,16118475390976.0,-2.9,50.0,5365.95,11.9,2026-04-29T22:55:36.547469,296.84,495.57,2799.39,1516.0,868.0,71.4,5194.35,2026-03-02,2612.96,2025-05-14,20260429
6861,キーエンス,FA/センサー,JP,73800.0,0.85,2805500,797015,3.52,"746600,759800,735200,1157900,2805500",73800.0,50110.86,100.0,62668.0,61101.01,57538.24,86.4,2621.2514,1495.2317,1126.0197,71412.51,53923.49,113.7,なし,40.16,3.13,17898355556352.0,,75.0,73243.75,-0.8,2026-04-29T22:55:37.022240,51047.08,59902.84,60313.31,44.6,23.2,22.4,76100.0,2026-04-28,51271.97,2025-12-02,20260429
4063,信越化学工業,半導体材料,JP,7081.0,1.9,8604800,7956430,1.08,"6503000,5907500,5016200,8365900,8604800",7081.0,3479.53,100.0,6679.45,6311.48,5137.32,76.6,181.4111,173.7069,7.7042,7051.26,6307.64,104.0,なし,27.4,,13147380383744.0,1.3,150.0,6781.7646,-4.2,2026-04-29T22:55:37.524879,3311.24,3641.85,4228.58,113.8,94.4,67.5,7082.0,2026-04-28,4196.22,2025-08-04,20260429
6963,ローム,半導体/電子部品,JP,3431.0,0.35,7611900,4416380,1.72,"3146800,3220600,5112300,13890300,7611900",3811.0,1071.46,86.1,3622.75,3252.72,2448.01,40.8,93.2152,144.0414,-50.8261,3889.25,3356.25,14.0,なし,39.49,8.67,1324486361088.0,,146.0,2944.4443,-14.2,2026-04-29T22:55:37.974223,2431.76,2373.75,1267.69,41.1,44.5,170.6,3890.0,2026-04-14,1248.56,2025-04-30,20260429
6723,ルネサスエレクトロニクス,半導体/マイコン,JP,2913.0,-6.75,19974900,14589915,1.37,"14210900,30747700,33685800,27511900,19974900",3300.0,1362.13,80.0,2723.2,2665.97,2151.02,60.2,160.9121,119.3365,41.5756,3375.45,2070.95,64.5,なし,11.48,2.55,5282244067328.0,23.2,96.0,3346.923,14.9,2026-04-29T22:55:38.337104,1227.57,1706.08,1698.22,137.3,70.7,71.5,3365.0,2026-04-23,1635.05,2025-09-05,20260429
9984,ソフトバンクグループ,投資/テック,JP,5268.0,-9.86,97208200,72308725,1.34,"154144000,136536800,87686800,99651700,97208200",6819.23,1455.02,71.1,4485.05,4128.86,4261.02,72.3,493.1146,342.8575,150.2571,6201.82,2768.28,72.8,なし,9.85,1136.47,30021087395840.0,8.2,21.0,5344.3613,1.4,2026-04-29T22:55:38.715427,2399.12,1256.23,1787.91,119.6,319.3,194.6,6914.1,2025-10-29,1775.19,2025-04-30,20260429
4661,オリエンタルランド,レジャー/テーマパーク,JP,2434.5,1.97,6665100,4552945,1.46,"3559600,7872200,8297100,7915300,6665100",3696.73,2387.5,3.6,2601.68,2689.19,3049.59,27.6,-71.0245,-49.9861,-21.0384,2809.14,2394.21,9.7,なし,32.79,,3991400611840.0,2.9,66.0,3522.93,44.7,2026-04-29T22:55:39.120233,3049.13,4743.47,3129.53,-20.2,-48.7,-22.2,3696.73,2025-09-16,2378.0,2026-04-27,20260429
6098,リクルートHD,人材/テック,JP,7464.0,2.22,11715500,5750765,2.04,"6754900,8410200,5591600,3826700,11715500",9345.05,6102.28,42.0,7280.45,6813.64,7918.28,53.1,189.1853,183.5618,5.6235,7885.41,6675.49,65.2,なし,25.13,1.97,10421336539136.0,5.2,33.0,9780.0,31.0,2026-04-29T22:55:39.687465,4844.36,3784.72,7534.06,54.1,97.2,-0.9,9544.66,2026-01-13,6028.42,2026-02-17,20260429
8058,三菱商事,総合商社,JP,4913.0,2.14,8775500,9604190,0.91,"9339900,10952800,10913900,10204500,8775500",5707.0,2276.53,76.9,5140.4,5170.13,3928.8,30.4,-107.5678,-63.5606,-44.0072,5671.09,4609.71,28.6,なし,28.01,3.15,18018390245376.0,9.9,224.0,5062.196,3.0,2026-04-29T22:55:40.057495,856.59,1538.32,2642.78,473.6,219.4,85.9,5731.76,2026-03-27,2565.24,2025-05-02,20260429
8031,三井物産,総合商社,JP,5820.0,2.28,8427600,6330040,1.33,"7450600,7021500,5036700,4875200,8427600",6597.91,2412.07,81.4,6048.7,5940.19,4417.95,30.4,-79.4754,-25.311,-54.1644,6607.94,5489.46,29.6,なし,18.45,6.95,16494314389504.0,-1.5,206.0,6436.923,10.6,2026-04-29T22:55:40.438471,981.88,1945.78,2796.82,492.7,199.1,108.1,6675.0,2026-04-08,2639.6,2025-05-01,20260429
8001,伊藤忠商事,総合商社,JP,1958.5,1.69,15352800,11791960,1.3,"11514300,11719700,7746600,12074000,15352800",2245.79,1181.05,73.0,2000.55,2052.26,1831.54,25.8,-28.8947,-23.7582,-5.1365,2102.51,1898.59,29.4,なし,14.73,0.51,13689620004864.0,-0.3,225.0,2452.3076,25.2,2026-04-29T22:55:40.850455,592.38,833.22,1422.77,230.6,135.1,37.7,2262.11,2026-02-27,1375.64,2025-05-02,20260429
8306,三菱UFJ FG,メガバンク,JP,2875.0,3.12,45635600,36465925,1.25,"38846200,35144800,22067000,29320200,45635600",3040.69,1452.47,89.6,2830.38,2763.62,2447.56,49.0,21.1998,28.1694,-6.9696,2939.93,2720.82,70.4,なし,17.06,1.35,32451841753088.0,11.7,271.0,3068.3333,6.7,2026-04-29T22:55:41.362507,485.61,777.04,1721.02,492.0,270.0,67.1,3042.66,2026-02-12,1672.94,2025-05-02,20260429
8316,三井住友FG,メガバンク,JP,5648.0,4.52,15541200,11189440,1.39,"9352200,12947200,7882600,9422700,15541200",6110.57,2774.33,86.1,5500.65,5414.32,4626.52,51.4,38.9214,45.7675,-6.8461,5722.23,5279.07,83.3,なし,15.11,0.9,21564082880512.0,21.8,278.0,5934.359,5.1,2026-04-29T22:55:41.798826,1032.7,1670.65,3245.66,446.9,238.1,74.0,6189.37,2026-02-12,3130.61,2025-05-02,20260429
6367,ダイキン工業,空調/機械,JP,21865.0,1.82,1107900,1123930,0.99,"795500,859300,825400,1051900,1107900",22240.0,14889.29,94.9,20748.25,19945.03,19016.01,60.7,571.3508,510.8106,60.5402,22529.15,18967.35,81.4,なし,23.36,2.67,6402702573568.0,7.9,151.0,21805.086,-0.3,2026-04-29T22:55:42.167564,20522.82,23478.35,15832.14,6.5,-6.9,38.1,23065.0,2026-04-16,15193.75,2025-05-22,20260429
7974,任天堂,ゲーム/エンタメ,JP,7922.0,0.37,7594100,8519915,0.89,"5956000,7335700,14057800,9397800,7594100",14387.31,7893.0,0.4,8434.75,8729.12,11288.49,26.8,-248.5855,-206.5009,-42.0846,9080.99,7788.51,10.3,なし,25.0,1.54,9132711084032.0,86.3,228.0,11702.73,47.7,2026-04-29T22:55:42.573311,5522.53,5392.19,11226.13,43.4,46.9,-29.4,14524.75,2025-08-18,7866.0,2026-04-27,20260429
9983,ファーストリテイリング,小売/アパレル,JP,73170.0,1.81,1343200,1256825,1.07,"1189900,1167700,1286200,1418900,1343200",75540.0,41225.39,93.1,70466.0,67101.27,56255.09,63.0,1887.8175,2102.0201,-214.2026,79229.01,61702.99,65.4,なし,46.95,2.95,22451463389184.0,14.8,87.0,71692.86,-2.0,2026-04-29T22:55:43.107897,28556.86,31084.55,47471.06,156.2,135.4,54.1,75700.0,2026-04-17,42828.87,2025-07-14,20260429
6501,日立製作所,総合電機/IT,JP,5047.0,-5.77,29820000,13294340,2.24,"11183900,18639900,10572600,18121800,29820000",5784.69,2662.44,76.4,4994.1,4898.09,4668.76,54.7,97.4685,76.2211,21.2474,5415.72,4572.48,56.3,なし,28.57,0.13,22710300180480.0,11.3,111.0,5900.0,16.9,2026-04-29T22:55:43.520226,994.41,1441.01,3703.79,407.5,250.2,36.3,6004.43,2026-02-10,3475.46,2025-04-30,20260429
6758,ソニーグループ,エンタメ/半導体,JP,3234.0,1.44,15948100,14134440,1.13,"10601800,18450400,14835500,14536900,15948100",4681.69,2988.42,14.5,3317.75,3341.42,3858.45,36.2,-26.1367,-15.2864,-10.8503,3445.16,3190.34,17.1,なし,15.67,2.78,19105396555776.0,0.5,77.0,4764.7827,47.3,2026-04-29T22:55:43.940463,2111.77,2516.16,3495.93,53.1,28.5,-7.5,4757.4,2025-11-13,3136.0,2026-03-30,20260429
4568,第一三共,製薬,JP,2650.5,1.84,13321300,8579070,1.55,"6375400,6290000,25238300,16617200,13321300",4118.44,2499.0,9.4,2810.38,2847.99,3300.15,41.1,-51.5632,-25.7417,-25.8214,3049.81,2570.94,16.6,なし,17.73,4.66,4822990848000.0,15.1,294.0,4640.0,75.1,2026-04-29T22:55:44.333010,2607.17,4419.39,3425.85,1.7,-40.0,-22.6,4122.39,2025-10-09,2463.0,2026-04-27,20260429
2413,エムスリー,ヘルスケアIT,JP,1520.0,0.33,2772400,3460690,0.8,"3477800,4803200,3028800,3697400,2772400",2737.5,1479.0,3.3,1584.6,1604.18,2014.18,25.5,-36.2999,-30.2231,-6.0768,1703.52,1465.68,22.8,なし,22.47,,1014486204416.0,15.9,129.0,2506.923,64.9,2026-04-29T22:55:44.702886,7344.39,3248.09,1775.5,-79.3,-53.2,-14.4,2746.0,2025-11-17,1468.5,2026-04-23,20260429
4385,メルカリ,EC/フリマ,JP,3873.0,1.25,1483900,1745265,0.85,"1428600,1485000,1231700,2094000,1483900",4108.0,1951.0,89.1,3888.8,3666.16,2880.16,48.5,87.4685,98.783,-11.3145,4174.09,3603.51,47.2,なし,22.32,4.03,639213699072.0,15.4,,3649.2307,-5.8,2026-04-29T22:55:45.016245,5400.0,2318.0,2318.5,-28.3,67.1,67.0,4185.0,2026-04-22,2069.0,2025-10-14,20260429
3659,ネクソン,ゲーム,JP,2669.5,1.31,1684300,2123690,0.79,"1736500,1549800,1502500,1363500,1684300",4421.0,1870.46,31.3,2707.2,2916.05,3287.34,45.1,-74.5481,-85.1512,10.6031,2838.54,2575.86,35.6,なし,23.42,1.19,2111785140224.0,55.0,225.0,3582.889,34.2,2026-04-29T22:55:45.369653,3509.61,2992.36,2189.28,-23.9,-10.8,21.9,4434.0,2026-01-23,2180.89,2025-05-01,20260429
6594,日本電産,モーター/EV部品,JP,2372.0,-3.1,8258500,4963600,1.66,"6081000,3838700,5126900,4686100,8258500",3275.0,1880.5,35.2,2278.95,2269.8,2409.98,62.2,57.5227,37.2877,20.2351,2510.05,2047.85,70.1,ゴールデンクロス,22.62,1.04,2719046959104.0,2.9,192.0,2596.25,9.5,2026-04-29T22:55:45.726592,6076.88,3267.77,2550.5,-61.0,-27.4,-7.0,3296.0,2025-08-25,1797.0,2025-10-31,20260429
9432,NTT,通信,JP,151.1,-0.07,224139200,172135905,1.3,"166036600,192731800,176730900,152114900,224139200",160.03,134.31,65.3,153.72,152.72,152.6,29.4,-0.7149,-0.3031,-0.4119,157.95,149.49,19.1,なし,12.03,2.56,12303109980160.0,5.5,351.0,173.6923,15.0,2026-04-29T22:55:46.196245,93.83,150.71,144.08,61.0,0.3,4.9,161.67,2025-08-20,143.11,2025-06-26,20260429
9433,KDDI,通信,JP,2579.5,2.44,10941200,9501075,1.15,"5808000,10334800,8600400,8203100,10941200",2763.5,2205.36,67.0,2638.55,2636.01,2543.66,36.0,-23.3603,-12.3924,-10.968,2767.64,2509.46,27.1,なし,15.06,2.01,9820358836224.0,,310.0,2801.4614,8.6,2026-04-29T22:55:46.712263,1414.2,1937.59,2456.38,82.4,33.1,5.0,2785.47,2026-02-05,2273.6,2025-10-02,20260429
3993,PKSHA Technology,AI/自然言語処理,JP,3315.0,0.15,349900,302885,1.16,"259700,858400,443700,334400,349900",4475.0,2314.0,46.3,3042.4,2997.72,3415.74,64.7,91.461,49.2621,42.1989,3377.64,2707.16,90.7,なし,38.31,,102893830144.0,82.2,,3850.0,16.1,2026-04-29T22:55:47.009966,2780.0,1883.0,2894.0,19.2,76.0,14.5,4515.0,2025-10-31,2546.0,2026-03-30,20260429
4443,Sansan,SaaS/DX,JP,1290.0,2.3,1338100,2077580,0.64,"2373500,3242100,1868000,1262800,1338100",2202.0,1023.0,22.6,1276.05,1197.54,1638.1,47.7,25.433,27.0392,-1.6061,1388.06,1164.04,56.2,なし,79.98,,163363323904.0,25.3,,2031.25,57.5,2026-04-29T22:55:47.400778,2252.5,1818.0,2012.0,-42.7,-29.0,-35.9,2211.0,2025-06-24,994.0,2026-02-24,20260429
4478,フリー,SaaS/会計,JP,2231.0,1.59,557500,827360,0.67,"1352400,1475600,841500,827300,557500",4255.0,1857.0,15.6,2212.5,2156.4,3027.66,52.1,52.2272,49.5019,2.7253,2638.43,1786.57,52.2,なし,151.56,,132154720256.0,29.5,,3420.9092,53.3,2026-04-29T22:55:47.717346,9280.0,3870.0,4035.0,-76.0,-42.4,-44.7,4330.0,2025-08-05,1831.0,2026-02-24,20260429
4816,東映アニメーション,エンタメ/アニメ,JP,2628.0,0.61,369100,402695,0.92,"346500,452900,341400,377800,369100",3588.18,2219.85,29.8,2717.25,2557.19,2825.07,43.0,21.6919,46.2735,-24.5816,2855.75,2578.75,17.8,なし,22.03,,536934514688.0,-6.5,156.0,3300.0,25.6,2026-04-29T22:55:48.103200,2352.38,2649.78,3332.23,11.7,-0.8,-21.1,3563.57,2025-08-06,2204.1,2026-02-25,20260429
7012,川崎重工業,防衛/航空,JP,3243.0,4.85,13458400,13798490,0.98,"13092200,17620300,10753000,10907800,13458400",3652.99,1219.52,83.2,3207.35,3247.98,2446.83,48.2,-1.0256,4.5845,-5.61,3424.52,2990.18,58.2,なし,28.17,0.72,2710649962496.0,,102.0,3675.0,13.3,2026-04-29T22:55:48.510898,474.25,561.24,1674.22,583.8,477.8,93.7,3743.45,2026-03-03,1580.12,2025-05-09,20260429
7013,IHI,防衛/エンジン,JP,2959.5,2.02,18091200,16754260,1.08,"21936800,16998300,14535100,21920300,18091200",4487.14,1252.08,52.8,3206.08,3584.88,2977.32,20.0,-161.9026,-148.1745,-13.7281,3531.72,2880.43,12.1,なし,24.27,2.24,3137520795648.0,5.9,68.0,4498.0,52.0,2026-04-29T22:55:48.977231,283.85,463.49,1581.95,942.6,538.5,87.1,4684.58,2026-02-10,1550.74,2025-04-30,20260429
8830,住友不動産,不動産,JP,4773.0,2.07,2217200,2171050,1.02,"2011600,2122000,1719200,1976400,2217200",5314.78,2425.96,81.2,4708.9,4784.47,3795.73,39.5,2.5583,1.1246,1.4337,4942.94,4474.86,63.7,なし,22.32,1.95,4408325177344.0,,90.0,5412.727,13.4,2026-04-29T22:55:49.393660,1703.03,1522.46,2632.12,180.3,213.5,81.3,5331.69,2026-02-26,2576.75,2025-05-01,20260429
9005,東急,鉄道/不動産,JP,1687.0,1.05,2431400,1930190,1.26,"3448200,3200300,2420800,2687100,2431400",1982.06,1624.85,17.4,1830.82,1870.53,1794.64,10.4,-50.0659,-28.6867,-21.3792,2011.57,1650.08,10.2,なし,11.21,5.06,961099268096.0,2.0,190.0,2168.5715,28.5,2026-04-29T22:55:49.799922,1327.53,1845.07,1723.76,27.1,-8.6,-2.1,1993.96,2026-03-02,1618.94,2025-07-16,20260429
7203,トヨタ自動車,自動車,JP,3112.0,1.47,21920800,18736015,1.17,"20463800,23206300,22659400,19390900,21920800",3886.14,2199.4,54.1,3267.6,3385.16,3103.92,27.4,-65.3698,-43.1974,-22.1724,3477.68,3057.52,13.0,なし,10.95,1.56,36849359781888.0,8.6,305.0,3969.0588,27.5,2026-04-29T22:55:50.405683,1411.03,1705.01,2704.01,120.5,82.5,15.1,3941.31,2026-02-09,2361.95,2025-06-26,20260429
7267,ホンダ,自動車,JP,1293.5,0.08,16084400,16403500,0.98,"12012300,14495400,14795400,14123700,16084400",1647.81,1148.63,29.0,1289.05,1356.07,1485.38,52.9,-9.5237,-16.3115,6.7878,1340.4,1237.7,54.3,なし,10.36,3.45,5035015012352.0,-3.4,541.0,1512.3856,16.9,2026-04-29T22:55:50.832978,868.66,1049.92,1383.6,48.9,23.2,-6.5,1677.02,2026-02-09,1225.14,2026-03-23,20260429
7269,スズキ,自動車,JP,1800.0,1.35,6958600,8716860,0.8,"6543500,5598000,6409900,4429900,6958600",2421.06,1460.38,35.4,1838.18,1976.82,2059.8,41.4,-41.9103,-43.4362,1.5259,1931.24,1745.11,29.5,なし,8.87,0.56,3472693133312.0,15.7,256.0,2651.7646,47.3,2026-04-29T22:55:51.308001,933.43,1101.73,1635.41,92.8,63.4,10.1,2442.3,2025-11-27,1573.81,2025-07-22,20260429
2914,JT（日本たばこ）,食品/たばこ,JP,5779.0,-0.03,4445200,3685310,1.21,"3852800,6374600,3201700,3211200,4445200",6140.0,3670.68,85.4,5916.2,5890.02,5277.85,28.2,-38.8597,-20.2142,-18.6455,6185.24,5647.16,24.5,なし,20.58,0.71,10259974324224.0,,419.0,6131.6665,6.1,2026-04-29T22:55:51.716036,1538.28,2516.68,4178.98,275.7,129.6,38.3,6182.0,2026-02-12,4045.57,2025-07-10,20260429
2801,キッコーマン,食品/調味料,JP,1497.5,1.59,7727300,4160080,1.86,"2925500,4109400,6643600,6834100,7727300",1581.0,1201.88,78.0,1503.7,1441.21,1357.81,42.5,7.9886,14.5187,-6.5301,1588.0,1419.4,46.3,なし,22.68,,1387493064704.0,11.1,167.0,1662.5,11.0,2026-04-29T22:55:52.201536,1259.72,1534.71,1515.66,18.9,-2.4,-1.2,1603.0,2026-04-07,1189.51,2025-10-30,20260429
8766,東京海上HD,損保,JP,7238.0,1.03,6157300,5851540,1.05,"5334100,6495500,5287100,4891400,6157300",7746.64,4364.15,85.0,7157.65,6664.22,6085.08,45.2,130.9219,156.7625,-25.8406,7486.37,6828.93,62.2,なし,13.16,4.12,13944852840448.0,21.8,292.0,7885.636,8.9,2026-04-29T22:55:52.557612,1472.82,2482.82,5445.01,391.4,191.5,32.9,7759.46,2026-03-26,5225.56,2025-11-21,20260429
8411,みずほFG,メガバンク,JP,6936.0,5.12,13923800,8512985,1.64,"7751100,7429300,6579700,9071000,13923800",7777.59,2850.53,82.9,6678.75,6539.17,5522.92,49.7,58.4445,63.8621,-5.4176,7030.38,6327.12,86.6,なし,16.45,0.98,16913275027456.0,5.5,209.0,7212.0835,4.0,2026-04-29T22:55:52.918084,1255.67,1773.18,3459.61,452.4,291.2,100.5,7869.53,2026-02-12,3298.81,2025-05-02,20260429
