ticker,name,sector,market,price,change_pct,volume,vol_avg_20d,vol_ratio,vol_5d,high_52w,low_52w,pos_52w_pct,sma_20,sma_50,sma_200,rsi_14,macd,macd_signal,macd_histogram,bb_upper,bb_lower,bb_position,cross_signal,pe_ratio,peg_ratio,market_cap,revenue_growth_pct,dividend_yield_pct,target_price,upside_pct,fetch_time,price_5y_ago,price_3y_ago,price_1y_ago,change_5y_pct,change_3y_pct,change_1y_pct,high_1y,high_1y_date,low_1y,low_1y_date,name_sent,gtrends_current,gtrends_avg,gtrends_max,gtrends_trend_ratio,gtrends_is_trending,reddit_mentions,reddit_total_score,reddit_total_comments,reddit_bullish,reddit_bearish,reddit_sentiment,combined_sentiment,sentiment_data_sources,fetch_time_sent,tech_score,tech_reasons,fund_score,fund_reasons,sent_score,sent_reasons,mom_score,mom_reasons,total_score,signal,risk_count,risk_labels,risk_actions,analysis_comment,analysis_time
3659,ネクソン,ゲーム,JP,2659.5,-4.61,2450800,2764850,0.89,"1708900,2168100,2923000,3212200,2450800",4421.0,1870.46,30.9,2837.48,3154.31,3293.36,39.4,-136.0927,-141.9892,5.8965,3106.29,2568.66,16.9,なし,23.31,,2103874420736.0,55.0,226.0,3641.6843,36.9,2026-04-11T22:30:51.937956,3451.52,3084.95,2065.9,-22.9,-13.8,28.7,4434.0,2026-01-23,2022.96,2025-04-14,ネクソン,41,19.9,41,1.07,False,0,0,0,0,0,0,7.0,1,2026-04-11T22:35:30.547242,65,RSI低め(39) / MACDヒストグラム上昇 / BB下限付近(17%) / 200日SMA下,85,52週安値圏(31%) / PER適正(23x) / 超高成長(55%) / 高配当(226.0%),30,SNS中立(7) / 検索上昇傾向(1.1x),10,出来高平常(0.9x) / 下落トレンド,60.8,★★ 買い,0,,,[市況: 買い場(+5pt)] 【押し目買いチャンス】RSIが売られすぎ水準に接近(39)しており反発の可能性。MACD(売買の勢い指標)が上向きで買いの勢いが継続中。200日移動平均線を下回っており中長期トレンドは弱い。,2026-04-11T22:35:30.808952
7269,スズキ,自動車,JP,1826.0,-0.87,9912100,9433850,1.05,"9107400,23078600,16377400,11184100,9912100",2421.06,1460.38,38.1,1873.73,2060.05,2049.71,46.3,-70.8103,-76.4425,5.6322,1972.67,1774.8,25.9,なし,9.0,,3522855174144.0,15.7,252.0,2728.2354,49.4,2026-04-11T22:30:57.152597,1059.03,1093.29,1535.18,72.4,67.0,18.9,2442.3,2025-11-27,1518.07,2025-04-14,スズキ,2,2.7,7,1.28,False,0,0,0,0,0,0,28.0,1,2026-04-11T22:35:30.547293,60,RSI中立(46) / MACDヒストグラム上昇 / BB下限付近(26%) / 200日SMA下,70,52週中間以下(38%) / PER割安(9x) / 成長(16%) / 高配当(252.0%),45,SNSやや強気(+28) / 検索上昇傾向(1.3x),10,出来高平常(1.1x) / 下落トレンド,57.5,★★ 買い,0,,,[市況: 買い場(+5pt)] 【買い検討】MACD(売買の勢い指標)が上向きで買いの勢いが継続中。200日移動平均線を下回っており中長期トレンドは弱い。,2026-04-11T22:35:30.810369
MDB,MongoDB,クラウド/DB,US,225.95,-1.54,3071800,1533880,2.0,"1510600,871900,1903100,2586100,3071800",440.6,145.85,27.2,252.36,295.88,313.47,32.2,-16.2425,-17.562,1.3195,280.67,224.05,3.3,なし,32.06,,18390468608.0,26.7,,354.41458,56.9,2026-04-11T22:30:33.303223,304.21,226.21,162.24,-25.7,-0.1,39.3,444.72,2026-01-07,148.88,2025-04-22,MongoDB,0,0.0,0,1.0,False,0,0,0,0,0,0,0.0,1,2026-04-11T22:35:30.547057,70,RSI低め(32) / MACDヒストグラム上昇 / BB下限突破(3%) / 200日SMA下,70,52週安値圏(27%) / PER 32x / 高成長(27%) / 上値余地大(+57%),15,SNS中立(0),20,出来高やや増(2.0x) / 下落トレンド,56.5,★★ 買い,0,,,[市況: 買い場(+5pt)] 【買い検討】株価が52週レンジの下位(27%)に位置。RSIが売られすぎ水準に接近(32)しており反発の可能性。MACD(売買の勢い指標)が上向きで買いの勢いが継続中。,2026-04-11T22:35:30.804156
UBER,Uber Technologies,モビリティ,US,70.48,-1.85,11797100,15172435,0.78,"7751400,9686300,13559900,16500000,11797100",100.1,64.62,16.5,72.8,73.78,86.57,38.7,-0.9481,-0.9512,0.0031,77.25,68.34,24.0,なし,14.9,,145056022528.0,20.1,,103.67615,47.1,2026-04-11T22:30:24.154073,59.44,30.59,72.28,18.6,130.4,-2.5,101.99,2025-09-22,68.46,2026-03-27,Uber Technologies,14,15.0,17,0.93,False,0,0,0,0,0,0,-7.0,1,2026-04-11T22:35:30.546958,65,RSI低め(39) / MACDヒストグラム上昇 / BB下限付近(24%) / 200日SMA下,85,52週最安値圏(16%) / PER 15x / 成長(20%) / 上値余地大(+47%),15,SNS中立(-7),0,出来高減少(0.8x) / 下落トレンド,56.2,★★ 買い,0,,,[市況: 買い場(+5pt)] 【買い検討】株価が52週レンジの下位(16%)に位置。RSIが売られすぎ水準に接近(39)しており反発の可能性。MACD(売買の勢い指標)が上向きで買いの勢いが継続中。,2026-04-11T22:35:30.801743
IBM,IBM,AI/コンサルティング,US,230.76,-2.71,5864900,4802240,1.22,"3376000,2356100,4771500,5078600,5864900",313.19,215.67,15.5,243.81,256.07,274.16,39.0,-4.6348,-4.6143,-0.0205,255.83,231.79,-4.3,なし,20.7,,216547278848.0,12.2,291.0,309.4765,34.1,2026-04-11T22:30:30.285856,105.41,115.96,229.77,118.9,99.0,0.4,323.06,2025-11-12,219.0,2025-04-24,IBM,25,46.6,100,0.73,False,0,0,0,0,0,0,-27.0,1,2026-04-11T22:35:30.547031,65,RSI低め(39) / MACD反転間近 / BB下限突破(-4%) / 200日SMA下,75,52週最安値圏(16%) / PER 21x / 成長(12%) / 上値余地大(+34%),0,SNS弱気(-27),20,出来高やや増(1.2x) / 下落トレンド,53.2,★ 要注目,0,,,[市況: 買い場(+5pt)] 【様子見】株価が52週レンジの下位(16%)に位置。RSIが売られすぎ水準に接近(39)しており反発の可能性。MACD(売買の勢い指標)が反転しそうな位置。,2026-04-11T22:35:30.803426
SNPS,Synopsys,半導体EDA,US,392.24,-3.13,1601600,1739940,0.92,"1142400,920600,1617600,1728800,1601600",645.35,380.47,4.4,408.01,423.85,484.89,37.6,-9.3413,-10.1472,0.8059,439.63,376.4,25.0,なし,60.25,,75138285568.0,65.5,,537.75,37.1,2026-04-11T22:30:15.967638,258.05,376.52,421.21,52.0,4.2,-6.9,651.73,2025-07-30,376.18,2025-11-18,Synopsys,2,6.1,11,0.68,False,0,0,0,0,0,0,-32.0,1,2026-04-11T22:35:30.546862,65,RSI低め(38) / MACDヒストグラム上昇 / BB下限付近(25%) / 200日SMA下,75,52週最安値圏(4%) / PER 60x / 超高成長(66%) / 上値余地大(+37%),0,SNS弱気(-32),10,出来高平常(0.9x) / 下落トレンド,51.8,★ 要注目,0,,,[市況: 買い場(+5pt)] 【様子見】株価が52週安値圏(4%)まで下落。RSIが売られすぎ水準に接近(38)しており反発の可能性。MACD(売買の勢い指標)が上向きで買いの勢いが継続中。,2026-04-11T22:35:30.799367
SMCI,Super Micro Computer,サーバー/AI,US,25.26,8.79,43463000,49414690,0.88,"23564800,25328300,31894200,28654000,43463000",60.71,20.53,11.8,24.7,28.82,39.38,67.1,-1.7674,-2.1052,0.3378,32.51,16.89,53.6,なし,18.44,,15168173056.0,123.4,,34.0,34.6,2026-04-11T22:30:28.423537,4.0,10.81,33.15,531.0,133.7,-23.8,62.36,2025-07-31,19.48,2026-03-23,Super Micro Computer,0,1.5,13,0.49,False,0,0,0,0,0,0,-51.0,1,2026-04-11T22:35:30.547000,30,RSIやや高(67) / MACDヒストグラム上昇 / BB上方(54%) / 200日SMA下,100,52週最安値圏(12%) / PER 18x / 超高成長(123%) / 上値余地大(+35%),0,SNS弱気(-51),40,出来高平常(0.9x) / 短期上昇,51.5,★ 要注目,0,,,[市況: 買い場(+5pt)] 【様子見】株価が52週安値圏(12%)まで下落。RSIがやや過熱気味(67)。MACD(売買の勢い指標)が上向きで買いの勢いが継続中。,2026-04-11T22:35:30.802892
SHOP,Shopify,EC/SaaS,US,110.79,-1.41,8968400,7917590,1.13,"4679000,5941700,7897700,10547600,8968400",179.01,76.89,33.2,118.47,121.23,141.2,42.5,-2.9197,-2.6904,-0.2294,127.99,108.96,9.6,なし,117.86,,144136372224.0,30.6,,159.69565,44.1,2026-04-11T22:30:23.877614,120.2,45.3,83.71,-7.8,144.6,32.3,182.19,2025-10-29,80.35,2025-04-21,Shopify,82,78.2,100,0.96,False,0,0,0,0,0,0,-4.0,1,2026-04-11T22:35:30.546954,60,RSI中立(42) / MACD反転間近 / BB下限突破(10%) / 200日SMA下,65,52週安値圏(33%) / PER 118x / 高成長(31%) / 上値余地大(+44%),15,SNS中立(-4),10,出来高平常(1.1x) / 下落トレンド,50.0,★ 要注目,0,,,[市況: 買い場(+5pt)] 【様子見】MACD(売買の勢い指標)が反転しそうな位置。200日移動平均線を下回っており中長期トレンドは弱い。,2026-04-11T22:35:30.801636
2413,エムスリー,ヘルスケアIT,JP,1599.0,-2.8,3733200,3206715,1.16,"1972600,1705800,3514400,2809600,3733200",2737.5,1495.0,8.4,1626.82,1669.74,2041.14,54.1,-11.3584,-18.8768,7.5184,1694.4,1559.25,29.4,なし,23.64,,1073468014592.0,15.9,129.0,2526.1538,58.0,2026-04-11T22:30:51.291376,7684.62,3258.85,1648.5,-79.2,-50.9,-3.0,2746.0,2025-11-17,1495.0,2026-02-24,エムスリー,29,43.6,100,0.9,False,0,0,0,0,0,0,-10.0,1,2026-04-11T22:35:30.547234,50,RSIやや高(54) / MACDヒストグラム上昇 / BB下限付近(29%) / 200日SMA下,75,52週最安値圏(8%) / PER適正(24x) / 成長(16%) / 高配当(129.0%),15,SNS中立(-10),10,出来高平常(1.2x) / 下落トレンド,49.5,★ 要注目,0,,,[市況: 買い場(+5pt)] 【様子見】株価が52週安値圏(8%)まで下落。MACD(売買の勢い指標)が上向きで買いの勢いが継続中。200日移動平均線を下回っており中長期トレンドは弱い。,2026-04-11T22:35:30.808753
SOFI,SoFi Technologies,フィンテック/ネオバンク,US,16.22,-0.31,31639000,62487020,0.51,"42632700,41359100,64323300,43999800,31639000",32.21,9.5,29.6,16.47,18.42,23.85,42.7,-0.7551,-0.9469,0.1918,17.97,14.96,41.9,なし,41.59,,20684779520.0,40.2,,24.325,50.0,2026-04-11T22:30:34.681471,17.0,5.82,10.71,-4.6,178.7,51.4,32.73,2025-11-12,10.41,2025-04-16,SoFi Technologies,34,40.6,68,1.01,False,0,0,0,0,0,0,1.0,1,2026-04-11T22:35:30.547072,50,RSI中立(43) / MACDヒストグラム上昇 / BB中間以下(42%) / 200日SMA下,70,52週安値圏(30%) / PER 42x / 高成長(40%) / 上値余地大(+50%),30,SNS中立(1) / 検索上昇傾向(1.0x),0,出来高減少(0.5x) / 下落トレンド,49.5,★ 要注目,0,,,[市況: 買い場(+5pt)] 【様子見】株価が52週レンジの下位(30%)に位置。MACD(売買の勢い指標)が上向きで買いの勢いが継続中。200日移動平均線を下回っており中長期トレンドは弱い。,2026-04-11T22:35:30.804459
ISRG,Intuitive Surgical,ヘルスケア/ロボット,US,450.62,-0.95,1465800,1662020,0.88,"1152300,1796800,2253900,1551500,1465800",592.85,429.59,12.9,465.94,482.63,504.84,30.9,-10.2948,-10.2717,-0.0231,489.33,442.55,17.2,なし,57.11,,160046563328.0,18.8,,599.2427,33.0,2026-04-11T22:30:26.658280,259.75,261.77,493.6,73.5,72.1,-8.7,603.88,2026-01-07,427.84,2025-10-14,Intuitive Surgical,0,0.0,0,1.0,False,0,0,0,0,0,0,0.0,1,2026-04-11T22:35:30.546981,60,RSI低め(31) / MACD反転間近 / BB下限付近(17%) / 200日SMA下,60,52週最安値圏(13%) / PER 57x / 成長(19%) / 上値余地大(+33%),15,SNS中立(0),10,出来高平常(0.9x) / 下落トレンド,48.5,★ 要注目,0,,,[市況: 買い場(+5pt)] 【様子見】株価が52週安値圏(13%)まで下落。RSIが売られすぎ水準に接近(31)しており反発の可能性。MACD(売買の勢い指標)が反転しそうな位置。,2026-04-11T22:35:30.802389
PYPL,PayPal,フィンテック/決済,US,45.24,-1.61,13125100,16677865,0.79,"11006800,10416300,15619000,12716600,13125100",77.8,38.96,16.2,44.99,44.61,60.86,55.6,-0.0846,-0.2681,0.1836,46.34,43.65,59.2,なし,8.36,,41650864128.0,3.7,124.0,52.99667,17.1,2026-04-11T22:30:33.954134,267.6,73.11,62.26,-83.1,-38.1,-27.3,79.08,2025-07-28,38.34,2026-02-12,PayPal,0,0.0,0,1.0,False,0,0,0,0,0,0,0.0,1,2026-04-11T22:35:30.547064,30,RSIやや高(56) / MACDヒストグラム上昇 / BB上方(59%) / 200日SMA下,75,52週最安値圏(16%) / PER 8x / 低成長(4%) / 上値余地あり(+17%),15,SNS中立(0),50,出来高減少(0.8x) / 強い上昇トレンド,48.5,★ 要注目,0,,,[市況: 買い場(+5pt)] 【様子見】株価が52週レンジの下位(16%)に位置。MACD(売買の勢い指標)が上向きで買いの勢いが継続中。200日移動平均線を下回っており中長期トレンドは弱い。,2026-04-11T22:35:30.804359
CRWD,CrowdStrike,サイバーセキュリティ,US,379.02,-3.97,8928400,3936015,2.27,"1595700,4626800,4727200,5420500,8928400",557.53,308.86,28.2,405.56,407.5,461.87,41.0,-4.7952,-4.6886,-0.1065,448.13,362.98,18.8,なし,61.41,,96124813312.0,23.3,,489.8584,29.2,2026-04-11T22:30:22.596642,203.99,135.0,377.9,85.8,180.8,0.3,566.9,2025-11-12,342.72,2026-02-23,CrowdStrike,0,0.0,0,1.0,False,0,0,0,0,0,0,0.0,1,2026-04-11T22:35:30.546943,55,RSI中立(41) / MACD反転間近 / BB下限付近(19%) / 200日SMA下,50,52週安値圏(28%) / PER 61x / 成長(23%) / 上値余地あり(+29%),15,SNS中立(0),40,出来高増加(2.3x) / 下落トレンド,48.2,★ 要注目,0,,,[市況: 買い場(+5pt)] 【様子見】株価が52週レンジの下位(28%)に位置。MACD(売買の勢い指標)が反転しそうな位置。200日移動平均線を下回っており中長期トレンドは弱い。,2026-04-11T22:35:30.801318
ADBE,Adobe,クリエイティブ/SaaS,US,225.35,-2.0,5883000,6092270,0.97,"2757700,3331000,4040100,6802400,5883000",449.4,225.35,0.0,242.13,258.39,324.16,28.3,-8.4963,-8.0826,-0.4136,256.11,228.15,-10.0,なし,13.14,,91860983808.0,12.0,,328.87057,45.9,2026-04-11T22:30:30.801560,506.03,369.89,352.47,-55.5,-39.1,-36.1,422.95,2025-05-21,224.13,2026-04-10,Adobe,1,2.2,8,0.6,False,0,0,0,0,0,0,-40.0,1,2026-04-11T22:35:30.547035,75,RSI売られすぎ(28) / MACD反転間近 / BB下限突破(-10%) / 200日SMA下,85,52週最安値圏(0%) / PER 13x / 成長(12%) / 上値余地大(+46%),0,SNS弱気(-40),10,出来高平常(1.0x) / 下落トレンド,48.2,★ 要注目 ⚠️要確認,1,52週安値更新中,底値を狙うナンピンは危険。反転確認まで待つ,[市況: 買い場(+5pt)] 【買い検討】株価が52週安値圏(0%)まで下落。RSIが売られすぎ水準(28)に達しており反発の可能性あり。MACD(売買の勢い指標)が反転しそうな位置。,2026-04-11T22:35:30.803528
ENPH,Enphase Energy,太陽光/クリーンエネルギー,US,31.19,-0.22,5654200,5398920,1.05,"5857500,8540600,6154600,6562800,5654200",63.8,26.12,13.5,38.82,42.18,36.89,21.6,-3.0114,-2.106,-0.9053,48.79,28.84,11.8,なし,24.17,,4109682176.0,-10.3,,45.44483,45.7,2026-04-11T22:30:35.867971,151.87,196.03,51.89,-79.5,-84.1,-39.9,55.41,2025-04-15,25.78,2025-11-21,Enphase Energy,0,0.3,3,0.0,False,0,0,0,0,0,0,0.0,0,2026-04-11T22:35:30.547086,55,RSI売られすぎ(22) / MACDマイナス圏 / BB下限付近(12%) / 200日SMA下,65,52週最安値圏(14%) / PER 24x / 減収(-10%) / 上値余地大(+46%),15,SNS中立(0),10,出来高平常(1.1x) / 下落トレンド,48.2,★ 要注目,0,,,[市況: 買い場(+5pt)] 【様子見】株価が52週安値圏(14%)まで下落。RSIが売られすぎ水準(22)に達しており反発の可能性あり。200日移動平均線を下回っており中長期トレンドは弱い。,2026-04-11T22:35:30.804870
MSFT,Microsoft,テック/クラウド,US,370.87,-0.59,28038000,31685555,0.88,"16146600,21443300,33064800,30435300,28038000",539.83,351.87,10.1,377.13,393.62,472.59,39.5,-8.3154,-9.7783,1.4629,401.93,352.32,37.4,なし,23.21,,2756445995008.0,16.7,98.0,587.3139,58.4,2026-04-11T22:30:18.843777,245.56,276.93,385.5,51.0,33.9,-3.8,552.24,2025-07-31,352.97,2025-04-21,Microsoft,7,22.9,100,0.74,False,0,0,0,0,0,0,-26.0,1,2026-04-11T22:35:30.546891,55,RSI低め(40) / MACDヒストグラム上昇 / BB中間以下(37%) / 200日SMA下,75,52週最安値圏(10%) / PER 23x / 成長(17%) / 上値余地大(+58%),0,SNS弱気(-26),10,出来高平常(0.9x) / 下落トレンド,48.2,★ 要注目,0,,,[市況: 買い場(+5pt)] 【様子見】株価が52週安値圏(10%)まで下落。RSIが売られすぎ水準に接近(40)しており反発の可能性。MACD(売買の勢い指標)が上向きで買いの勢いが継続中。,2026-04-11T22:35:30.800158
MU,Micron Technology,半導体/メモリ,US,420.59,-0.22,36285700,53106325,0.68,"41414900,40224100,49216600,43101000,36285700",461.54,64.57,89.7,397.46,402.81,249.86,49.5,-1.1009,-6.0256,4.9246,477.71,317.21,64.4,なし,19.84,,474313654272.0,196.3,14.0,526.475,25.2,2026-04-11T22:30:17.696936,93.23,61.17,69.38,351.1,587.6,506.2,471.14,2026-03-18,65.49,2025-04-21,Micron Technology,35,43.5,84,0.81,False,0,0,0,0,0,0,-19.0,1,2026-04-11T22:35:30.546880,45,RSI中立(50) / MACDヒストグラム上昇 / BB上方(64%) / 200日SMA上,65,52週高値圏(90%) / PER 20x / 超高成長(196%) / 上値余地あり(+25%),15,SNS中立(-19),30,出来高減少(0.7x) / 短期上昇,47.8,★ 要注目,0,,,[市況: 買い場(+5pt)] 【高値圏注意】株価が52週高値圏(90%)で推移。MACD(売買の勢い指標)が上向きで買いの勢いが継続中。200日移動平均線を上回っており中長期トレンドは強い。,2026-04-11T22:35:30.799812
ZS,Zscaler,サイバーセキュリティ,US,118.05,-3.42,5471200,2853605,1.92,"1365700,1986000,2564600,7343500,5471200",336.27,118.05,0.0,142.21,157.33,246.6,23.6,-9.1175,-8.1147,-1.0028,163.61,120.8,-6.4,なし,25.74,,18981343232.0,25.9,,232.89667,97.3,2026-04-11T22:30:22.952843,188.38,105.87,198.08,-37.3,11.5,-40.4,336.99,2025-11-03,114.62,2026-04-10,Zscaler,1,1.0,1,1.0,False,0,0,0,0,0,0,0.0,1,2026-04-11T22:35:30.546947,60,RSI売られすぎ(24) / MACDマイナス圏 / BB下限突破(-6%) / 200日SMA下,85,52週最安値圏(0%) / PER 26x / 高成長(26%) / 上値余地大(+97%),15,SNS中立(0),20,出来高やや増(1.9x) / 下落トレンド,47.5,★ 要注目 ⚠️要確認,1,52週安値更新中,底値を狙うナンピンは危険。反転確認まで待つ,[市況: 買い場(+5pt)] 【買い検討】株価が52週安値圏(0%)まで下落。RSIが売られすぎ水準(24)に達しており反発の可能性あり。200日移動平均線を下回っており中長期トレンドは弱い。,2026-04-11T22:35:30.801427
ESTC,Elastic,検索/データ分析,US,43.3,-3.78,3216100,2105680,1.53,"1121900,1579800,1792400,2523100,3216100",102.42,43.3,0.0,50.71,55.11,75.14,21.8,-2.6365,-2.309,-0.3275,57.02,44.41,-8.8,なし,15.3,,4562641920.0,17.7,,82.125,89.7,2026-04-11T22:30:33.655039,123.98,54.99,79.83,-65.1,-21.3,-45.8,96.07,2025-11-12,42.05,2026-04-10,Elastic,0,0.0,0,1.0,False,0,0,0,0,0,0,0.0,1,2026-04-11T22:35:30.547061,60,RSI売られすぎ(22) / MACDマイナス圏 / BB下限突破(-9%) / 200日SMA下,85,52週最安値圏(0%) / PER 15x / 成長(18%) / 上値余地大(+90%),15,SNS中立(0),20,出来高やや増(1.5x) / 下落トレンド,47.5,★ 要注目 ⚠️要確認,1,52週安値更新中,底値を狙うナンピンは危険。反転確認まで待つ,[市況: 買い場(+5pt)] 【買い検討】株価が52週安値圏(0%)まで下落。RSIが売られすぎ水準(22)に達しており反発の可能性あり。MACD(売買の勢い指標)が反転しそうな位置。,2026-04-11T22:35:30.804260
4478,フリー,SaaS/会計,JP,1959.0,-6.22,873200,541255,1.61,"406000,841200,612300,534000,873200",4255.0,1857.0,4.3,2059.7,2192.2,3114.31,46.2,-48.0053,-58.2694,10.2642,2199.37,1920.03,14.0,なし,133.36,,116042629120.0,29.5,,3420.9092,74.6,2026-04-11T22:30:53.955961,9470.0,3330.0,3595.0,-79.3,-41.2,-45.5,4330.0,2025-08-05,1831.0,2026-02-24,フリー,10,12.6,26,0.95,False,0,0,0,0,0,0,-5.0,1,2026-04-11T22:35:30.547264,60,RSI中立(46) / MACDヒストグラム上昇 / BB下限付近(14%) / 200日SMA下,50,52週最安値圏(4%) / PER過熱(133x) / 高成長(30%),15,SNS中立(-5),20,出来高やや増(1.6x) / 下落トレンド,47.0,★ 要注目,0,,,[市況: 買い場(+5pt)] 【様子見】株価が52週安値圏(4%)まで下落。MACD(売買の勢い指標)が上向きで買いの勢いが継続中。200日移動平均線を下回っており中長期トレンドは弱い。,2026-04-11T22:35:30.809564
TTWO,Take-Two Interactive,ゲーム,US,197.07,-0.49,1532900,1815535,0.84,"1405700,1247500,1646600,1493800,1532900",262.29,189.69,10.2,199.01,204.15,233.64,45.8,-2.876,-3.6488,0.7728,209.52,188.49,40.8,なし,25.29,,36492529664.0,24.9,,276.8107,40.5,2026-04-11T22:30:36.498318,182.76,119.68,212.07,7.8,64.7,-7.1,264.79,2025-10-15,187.63,2026-03-27,Take-Two Interactive,0,0.9,2,0.8,False,0,0,0,0,0,0,-20.0,1,2026-04-11T22:35:30.547093,50,RSI中立(46) / MACDヒストグラム上昇 / BB中間以下(41%) / 200日SMA下,75,52週最安値圏(10%) / PER 25x / 成長(25%) / 上値余地大(+40%),0,SNS弱気(-20),10,出来高平常(0.8x) / 下落トレンド,46.5,★ 要注目,0,,,[市況: 買い場(+5pt)] 【様子見】株価が52週安値圏(10%)まで下落。MACD(売買の勢い指標)が上向きで買いの勢いが継続中。200日移動平均線を下回っており中長期トレンドは弱い。,2026-04-11T22:35:30.805085
PATH,UiPath,RPA/自動化,US,9.38,-5.63,29259700,24760215,1.18,"14977300,24162000,23468700,33751100,29259700",19.29,9.38,0.0,11.19,11.42,13.27,18.8,-0.4471,-0.2996,-0.1474,12.73,9.65,-8.7,なし,18.04,,5015952384.0,13.6,,13.805,47.2,2026-04-11T22:30:33.010056,,16.17,10.87,,-42.0,-13.7,19.84,2025-12-08,9.28,2026-04-10,UiPath,3,4.8,6,0.83,False,0,0,0,0,0,0,-17.0,1,2026-04-11T22:35:30.547053,60,RSI売られすぎ(19) / MACDマイナス圏 / BB下限突破(-9%) / 200日SMA下,85,52週最安値圏(0%) / PER 18x / 成長(14%) / 上値余地大(+47%),15,SNS中立(-17),10,出来高平常(1.2x) / 下落トレンド,46.0,★ 要注目 ⚠️要確認,1,52週安値更新中,底値を狙うナンピンは危険。反転確認まで待つ,[市況: 買い場(+5pt)] 【買い検討】株価が52週安値圏(0%)まで下落。RSIが売られすぎ水準(19)に達しており反発の可能性あり。MACD(売買の勢い指標)が反転しそうな位置。,2026-04-11T22:35:30.804050
XYZ,Block (Square),フィンテック,US,62.2,-0.78,6040300,6131080,0.99,"3251400,3629400,7033100,5932400,6040300",81.11,46.53,45.3,59.85,58.69,68.03,58.1,0.4739,0.1241,0.3498,63.2,56.5,85.1,なし,29.62,,37796765696.0,3.6,,86.0041,38.3,2026-04-11T22:30:24.871037,265.2,62.74,53.94,-76.5,-0.9,15.3,82.5,2025-08-08,44.27,2025-05-02,Block (Square),9,9.1,39,0.92,False,0,0,0,0,0,0,-8.0,1,2026-04-11T22:35:30.546965,35,RSIやや高(58) / MACDプラス圏上昇 / BB上方(85%) / 200日SMA下,55,52週中間以下(45%) / PER 30x / 低成長(4%) / 上値余地大(+38%),15,SNS中立(-8),60,出来高平常(1.0x) / 強い上昇トレンド,45.8,★ 要注目,0,,,[市況: 買い場(+5pt)] 【様子見】MACD(売買の勢い指標)が上向きで買いの勢いが継続中。200日移動平均線を下回っており中長期トレンドは弱い。,2026-04-11T22:35:30.801947
CDNS,Cadence Design,半導体EDA,US,265.66,-5.46,3491800,2091430,1.67,"1173300,1275100,1913600,2209800,3491800",373.37,231.64,24.0,282.39,288.83,321.34,37.9,-4.6449,-4.4228,-0.2221,297.48,267.3,-5.4,なし,65.43,,73346621440.0,6.2,,371.67776,39.9,2026-04-11T22:30:15.699328,144.79,212.18,259.47,83.5,25.2,2.4,376.45,2025-07-31,247.7,2025-04-21,Cadence Design,1,2.0,5,0.65,False,0,0,0,0,0,0,-35.0,1,2026-04-11T22:35:30.546856,65,RSI低め(38) / MACD反転間近 / BB下限突破(-5%) / 200日SMA下,50,52週安値圏(24%) / PER 65x / 低成長(6%) / 上値余地大(+40%),0,SNS弱気(-35),20,出来高やや増(1.7x) / 下落トレンド,45.8,★ 要注目,0,,,[市況: 買い場(+5pt)] 【様子見】株価が52週レンジの下位(24%)に位置。RSIが売られすぎ水準に接近(38)しており反発の可能性。MACD(売買の勢い指標)が反転しそうな位置。,2026-04-11T22:35:30.799243
6098,リクルートHD,人材/テック,JP,7117.0,-0.86,4598700,5361415,0.86,"2722200,3006200,7226300,5972300,4598700",9345.05,6102.28,31.3,6692.86,6839.29,7955.48,67.3,91.4314,-5.2953,96.7267,7364.55,6021.17,81.6,なし,23.92,,9936851435520.0,5.2,35.0,9798.75,37.7,2026-04-11T22:30:46.200592,5121.94,3671.89,7338.73,39.0,93.8,-3.0,9544.66,2026-01-13,6028.42,2026-02-17,リクルートHD,11,17.8,41,0.84,False,0,0,0,0,0,0,-16.0,1,2026-04-11T22:35:30.547188,35,RSIやや高(67) / MACDプラス圏上昇 / BB上方(82%) / 200日SMA下,65,52週安値圏(31%) / PER適正(24x) / 低成長(5%) / 高配当(35.0%),15,SNS中立(-16),40,出来高平常(0.9x) / 短期上昇,45.8,★ 要注目,0,,,[市況: 買い場(+5pt)] 【様子見】RSIがやや過熱気味(67)。MACD(売買の勢い指標)が上向きで買いの勢いが継続中。200日移動平均線を下回っており中長期トレンドは弱い。,2026-04-11T22:35:30.807523
6758,ソニーグループ,エンタメ/半導体,JP,3325.0,-1.48,17119000,17303115,0.99,"8935300,10038900,18377900,16633100,17119000",4681.69,2988.42,19.9,3291.4,3376.92,3879.16,62.9,-17.6866,-38.2342,20.5476,3444.63,3138.18,61.0,なし,16.1,,19752313421824.0,0.5,75.0,4886.522,47.0,2026-04-11T22:30:50.524076,2358.79,2352.4,3243.67,41.0,41.3,2.5,4757.4,2025-11-13,3136.0,2026-03-30,ソニーグループ,7,26.2,56,0.61,False,0,0,0,0,0,0,-39.0,1,2026-04-11T22:35:30.547227,30,RSIやや高(63) / MACDヒストグラム上昇 / BB上方(61%) / 200日SMA下,80,52週最安値圏(20%) / PER割安(16x) / 低成長(0%) / 高配当(75.0%),0,SNS弱気(-39),40,出来高平常(1.0x) / 短期上昇,45.5,★ 要注目,0,,,[市況: 買い場(+5pt)] 【様子見】株価が52週レンジの下位(20%)に位置。MACD(売買の勢い指標)が上向きで買いの勢いが継続中。200日移動平均線を下回っており中長期トレンドは弱い。,2026-04-11T22:35:30.808549
DXCM,DexCom,ヘルスケア/医療機器,US,64.02,-2.53,2107100,3824970,0.55,"3192200,3870000,2807900,3762700,2107100",89.53,54.84,26.5,64.93,68.49,71.2,39.5,-1.3036,-1.555,0.2514,68.96,60.9,38.7,なし,30.63,,24968839168.0,13.1,,87.08333,36.0,2026-04-11T22:30:27.067162,96.79,114.82,66.14,-33.9,-44.2,-3.2,89.98,2025-07-30,54.11,2025-11-07,DexCom,0,0.0,0,1.0,False,0,0,0,0,0,0,0.0,1,2026-04-11T22:35:30.546985,55,RSI低め(40) / MACDヒストグラム上昇 / BB中間以下(39%) / 200日SMA下,60,52週安値圏(26%) / PER 31x / 成長(13%) / 上値余地大(+36%),15,SNS中立(0),0,出来高減少(0.6x) / 下落トレンド,45.2,★ 要注目,0,,,[市況: 買い場(+5pt)] 【様子見】株価が52週レンジの下位(26%)に位置。RSIが売られすぎ水準に接近(40)しており反発の可能性。MACD(売買の勢い指標)が上向きで買いの勢いが継続中。,2026-04-11T22:35:30.802489
QCOM,Qualcomm,半導体/通信,US,128.06,0.24,8424700,13195720,0.64,"8038600,8840400,12535800,9352700,8424700",185.53,121.81,9.8,128.53,135.86,156.14,44.8,-2.9483,-3.4944,0.5461,132.39,124.67,44.0,なし,25.82,,136773853184.0,5.0,278.0,154.92857,21.0,2026-04-11T22:30:17.241604,123.2,112.32,136.06,3.9,14.0,-5.9,203.6,2025-10-27,121.99,2026-04-07,Qualcomm,0,0.3,1,0.0,False,0,0,0,0,0,0,0.0,0,2026-04-11T22:35:30.546875,50,RSI中立(45) / MACDヒストグラム上昇 / BB中間以下(44%) / 200日SMA下,65,52週最安値圏(10%) / PER 26x / 低成長(5%) / 上値余地あり(+21%),15,SNS中立(0),0,出来高減少(0.6x) / 下落トレンド,45.0,★ 要注目,0,,,[市況: 買い場(+5pt)] 【様子見】株価が52週安値圏(10%)まで下落。MACD(売買の勢い指標)が上向きで買いの勢いが継続中。200日移動平均線を下回っており中長期トレンドは弱い。,2026-04-11T22:35:30.799704
ORCL,Oracle,クラウド/DB,US,138.09,0.17,26124600,22026175,1.19,"12556700,17250400,23527000,30407800,26124600",325.76,121.6,8.1,146.52,150.13,215.15,36.4,-3.8145,-3.4413,-0.3732,158.54,134.5,14.9,なし,24.79,,397153206272.0,21.7,145.0,246.45872,78.5,2026-04-11T22:30:29.774946,71.14,90.64,131.04,94.1,52.3,5.4,343.01,2025-09-10,120.04,2025-04-21,Oracle,0,1.6,7,0.44,False,0,0,0,0,0,0,-56.0,1,2026-04-11T22:35:30.547027,45,RSI低め(36) / MACDマイナス圏 / BB下限付近(15%) / 200日SMA下,75,52週最安値圏(8%) / PER 25x / 成長(22%) / 上値余地大(+78%),0,SNS弱気(-56),10,出来高平常(1.2x) / 下落トレンド,44.8,★ 要注目,0,,,[市況: 買い場(+5pt)] 【様子見】株価が52週安値圏(8%)まで下落。RSIが売られすぎ水準に接近(36)しており反発の可能性。MACD(売買の勢い指標)が反転しそうな位置。,2026-04-11T22:35:30.803325
2801,キッコーマン,食品/調味料,JP,1523.0,-0.81,4570900,4287015,1.07,"3039700,3665300,7214500,4387700,4570900",1581.0,1201.88,84.7,1432.29,1429.59,1345.47,80.5,42.7398,28.8861,13.8538,1642.46,1222.12,71.6,ゴールデンクロス,24.63,,1411569156096.0,7.9,197.0,1640.8334,7.7,2026-04-11T22:30:57.929653,1231.56,1364.61,1449.38,23.7,11.6,5.1,1603.0,2026-04-07,1189.51,2025-10-30,キッコーマン,40,56.4,100,0.88,False,0,0,0,0,0,0,-12.0,1,2026-04-11T22:35:30.547300,45,RSI買われすぎ(80) / MACDプラス圏上昇 / BB上方(72%) / ゴールデンクロス発生!,40,52週高値圏(85%) / PER適正(25x) / 低成長(8%) / 高配当(197.0%),15,SNS中立(-12),60,出来高平常(1.1x) / 強い上昇トレンド,44.8,★ 要注目,0,,,[市況: 買い場(+5pt)] 【過熱警戒】株価が52週レンジの上位(85%)に位置。RSIが買われすぎ水準(80)に達しており調整リスクあり。MACD(売買の勢い指標)が上向きで買いの勢いが継続中。,2026-04-11T22:35:30.810559
CRM,Salesforce,クラウド/SaaS,US,164.96,-3.45,18076300,13515565,1.34,"14391000,12344600,13472100,20855400,18076300",288.99,164.96,0.0,185.66,190.51,234.15,22.2,-6.1493,-4.5564,-1.5929,202.94,168.37,-9.9,なし,21.15,,154567524352.0,12.1,107.0,273.73346,65.9,2026-04-11T22:30:20.739052,225.45,187.57,253.11,-26.8,-12.1,-34.8,293.86,2025-05-14,163.52,2026-04-10,Salesforce,2,3.8,6,0.87,False,0,0,0,0,0,0,-13.0,1,2026-04-11T22:35:30.546912,60,RSI売られすぎ(22) / MACDマイナス圏 / BB下限突破(-10%) / 200日SMA下,75,52週最安値圏(0%) / PER 21x / 成長(12%) / 上値余地大(+66%),15,SNS中立(-13),20,出来高やや増(1.3x) / 下落トレンド,44.5,★ 要注目 ⚠️要確認,1,52週安値更新中,底値を狙うナンピンは危険。反転確認まで待つ,[市況: 買い場(+5pt)] 【様子見】株価が52週安値圏(0%)まで下落。RSIが売られすぎ水準(22)に達しており反発の可能性あり。200日移動平均線を下回っており中長期トレンドは弱い。,2026-04-11T22:35:30.800700
7974,任天堂,ゲーム/エンタメ,JP,8300.0,-2.71,12823300,9980180,1.28,"4549600,6328100,11794600,8552300,12823300",14387.31,8224.05,1.2,9065.2,8934.6,11569.13,26.9,-158.0182,-89.728,-68.2902,10031.79,8098.61,10.4,なし,26.18,,9568480395264.0,86.3,218.0,12252.73,47.6,2026-04-11T22:30:49.238599,5696.95,5151.85,9856.61,45.7,61.1,-15.8,14524.75,2025-08-18,8200.41,2026-02-06,任天堂,9,23.4,100,0.73,False,0,0,0,0,0,0,-27.0,1,2026-04-11T22:35:30.547215,55,RSI売られすぎ(27) / MACDマイナス圏 / BB下限付近(10%) / 200日SMA下,90,52週最安値圏(1%) / PER適正(26x) / 超高成長(86%) / 高配当(218.0%),0,SNS弱気(-27),20,出来高やや増(1.3x) / 下落トレンド,44.2,★ 要注目 ⚠️要確認,1,52週安値更新中,底値を狙うナンピンは危険。反転確認まで待つ,[市況: 買い場(+5pt)] 【様子見】株価が52週安値圏(1%)まで下落。RSIが売られすぎ水準(27)に達しており反発の可能性あり。200日移動平均線を下回っており中長期トレンドは弱い。,2026-04-11T22:35:30.808241
MA,Mastercard,フィンテック/決済,US,498.66,-0.98,2842200,3445190,0.82,"2466000,3593200,3874900,3301800,2842200",596.25,476.35,18.6,497.43,514.08,549.97,52.0,-3.6166,-5.577,1.9604,510.12,484.73,54.9,なし,30.2,,445022994432.0,17.6,70.0,657.1143,31.8,2026-04-11T22:30:28.075917,368.95,355.47,506.76,35.2,40.3,-1.6,599.05,2025-08-22,479.68,2026-03-27,Mastercard,61,60.5,67,0.99,False,0,0,0,0,0,0,-1.0,1,2026-04-11T22:35:30.546996,30,RSIやや高(52) / MACDヒストグラム上昇 / BB上方(55%) / 200日SMA下,65,52週最安値圏(19%) / PER 30x / 成長(18%) / 上値余地大(+32%),15,SNS中立(-1),40,出来高平常(0.8x) / 短期上昇,44.0,★ 要注目,0,,,[市況: 買い場(+5pt)] 【様子見】株価が52週レンジの下位(19%)に位置。MACD(売買の勢い指標)が上向きで買いの勢いが継続中。200日移動平均線を下回っており中長期トレンドは弱い。,2026-04-11T22:35:30.802794
6594,日本電産,モーター/EV部品,JP,2298.0,2.41,5222000,5466995,0.96,"2643200,2960400,7866400,4272100,5222000",3275.0,1880.5,29.9,2168.65,2261.58,2440.05,60.1,-13.6492,-36.5348,22.8856,2356.16,1981.14,84.5,なし,21.93,,2634220044288.0,2.9,192.0,2746.25,19.5,2026-04-11T22:30:52.317232,6717.94,3297.02,2087.5,-65.8,-30.3,10.1,3296.0,2025-08-25,1797.0,2025-10-31,日本電産,9,14.4,37,0.9,False,0,0,0,0,0,0,-10.0,1,2026-04-11T22:35:30.547246,30,RSIやや高(60) / MACDヒストグラム上昇 / BB上方(84%) / 200日SMA下,65,52週安値圏(30%) / PER適正(22x) / 低成長(3%) / 高配当(192.0%),15,SNS中立(-10),40,出来高平常(1.0x) / 短期上昇,44.0,★ 要注目,0,,,[市況: 買い場(+5pt)] 【様子見】株価が52週レンジの下位(30%)に位置。MACD(売買の勢い指標)が上向きで買いの勢いが継続中。200日移動平均線を下回っており中長期トレンドは弱い。,2026-04-11T22:35:30.809065
V,Visa,フィンテック/決済,US,304.36,-1.27,5185800,7103220,0.73,"5501000,4413900,6879300,4811500,5185800",371.15,295.52,11.7,303.44,313.6,334.47,53.2,-2.4882,-3.7976,1.3094,311.31,295.57,55.8,なし,28.58,,586818060288.0,14.6,88.0,395.25742,29.9,2026-04-11T22:30:27.733143,213.47,222.7,330.92,42.6,36.7,-8.0,373.34,2025-06-11,293.89,2026-04-01,Visa,75,79.7,100,0.92,False,0,0,0,0,0,0,-8.0,1,2026-04-11T22:35:30.546992,30,RSIやや高(53) / MACDヒストグラム上昇 / BB上方(56%) / 200日SMA下,70,52週最安値圏(12%) / PER 29x / 成長(15%) / 上値余地あり(+30%),15,SNS中立(-8),30,出来高減少(0.7x) / 短期上昇,44.0,★ 要注目,0,,,[市況: 買い場(+5pt)] 【様子見】株価が52週安値圏(12%)まで下落。MACD(売買の勢い指標)が上向きで買いの勢いが継続中。200日移動平均線を下回っており中長期トレンドは弱い。,2026-04-11T22:35:30.802691
COIN,Coinbase,暗号資産,US,167.85,-0.69,7898800,11155825,0.71,"7125200,7653100,9802400,10754900,7898800",419.78,141.09,9.6,182.54,179.57,277.09,29.1,-5.613,-4.5883,-1.0247,213.62,151.47,26.4,なし,37.72,,45262028800.0,-22.2,,237.90585,41.7,2026-04-11T22:30:25.288184,,67.84,175.5,,147.4,-4.4,444.65,2025-07-18,139.36,2026-02-12,Coinbase,68,80.2,100,0.87,False,0,0,0,0,0,0,-13.0,1,2026-04-11T22:35:30.546969,55,RSI売られすぎ(29) / MACDマイナス圏 / BB下限付近(26%) / 200日SMA下,55,52週最安値圏(10%) / PER 38x / 減収(-22%) / 上値余地大(+42%),15,SNS中立(-13),0,出来高減少(0.7x) / 下落トレンド,43.8,★ 要注目,0,,,[市況: 買い場(+5pt)] 【様子見】株価が52週安値圏(10%)まで下落。RSIが売られすぎ水準(29)に達しており反発の可能性あり。200日移動平均線を下回っており中長期トレンドは弱い。,2026-04-11T22:35:30.802071
4568,第一三共,製薬,JP,2772.5,-1.21,8133100,7814780,1.04,"2815100,3104200,8203000,7428200,8133100",4118.44,2736.58,2.6,2856.77,2870.85,3329.1,38.2,-22.7093,-18.6613,-4.048,2982.81,2730.73,16.6,なし,18.52,,5085095002112.0,15.1,281.0,4677.5,68.7,2026-04-11T22:30:50.933204,2784.45,4393.71,3027.97,-0.4,-36.9,-8.4,4122.39,2025-10-09,2648.27,2026-01-30,第一三共,11,20.5,42,1.01,False,0,0,0,0,0,0,1.0,1,2026-04-11T22:35:30.547231,45,RSI低め(38) / MACDマイナス圏 / BB下限付近(17%) / 200日SMA下,85,52週最安値圏(3%) / PER割安(19x) / 成長(15%) / 高配当(281.0%),30,SNS中立(1) / 検索上昇傾向(1.0x),10,出来高平常(1.0x) / 下落トレンド,43.8,★ 要注目 ⚠️要確認,1,52週安値更新中,底値を狙うナンピンは危険。反転確認まで待つ,[市況: 買い場(+5pt)] 【様子見】株価が52週安値圏(3%)まで下落。RSIが売られすぎ水準に接近(38)しており反発の可能性。200日移動平均線を下回っており中長期トレンドは弱い。,2026-04-11T22:35:30.808655
AMD,AMD,半導体/AI,US,245.04,3.55,36398600,34186135,1.06,"30786400,26483000,35496400,27126200,36398600",264.33,78.21,89.6,210.44,209.35,199.41,73.7,7.5123,2.9747,4.5377,239.73,181.15,109.1,ゴールデンクロス,93.53,,399515877376.0,34.1,,289.34784,18.1,2026-04-11T22:30:13.426562,78.58,92.33,93.4,211.8,165.4,162.4,267.08,2025-10-29,83.75,2025-04-21,AMD,59,72.8,100,0.9,False,0,0,0,0,0,0,-10.0,1,2026-04-11T22:35:30.546822,45,RSI買われすぎ(74) / MACDプラス圏上昇 / BB上方(109%) / ゴールデンクロス発生!,35,52週高値圏(90%) / PER 94x / 高成長(34%) / 上値余地あり(+18%),15,SNS中立(-10),60,出来高平常(1.1x) / 強い上昇トレンド,43.2,★ 要注目,0,,,[市況: 買い場(+5pt)] 【過熱警戒】株価が52週高値圏(90%)で推移。RSIがやや過熱気味(74)。MACD(売買の勢い指標)が上向きで買いの勢いが継続中。,2026-04-11T22:35:30.798471
6367,ダイキン工業,空調/機械,JP,20635.0,1.75,1171300,1201010,0.98,"567700,567200,1077000,847700,1171300",20635.0,14889.29,100.0,19470.69,19303.48,18709.04,66.7,249.6752,111.8724,137.8028,20683.03,18258.34,98.0,なし,22.07,,6042523009024.0,7.9,160.0,21805.086,5.7,2026-04-11T22:30:48.782993,21276.17,21437.58,15532.59,-3.0,-3.7,32.8,20825.0,2026-04-10,15193.75,2025-05-22,ダイキン工業,4,6.6,18,0.95,False,0,0,0,0,0,0,-5.0,1,2026-04-11T22:35:30.547211,40,RSIやや高(67) / MACDプラス圏上昇 / BB上方(98%) / 200日SMA上,40,52週高値圏(100%) / PER適正(22x) / 低成長(8%) / 高配当(160.0%),15,SNS中立(-5),60,出来高平常(1.0x) / 強い上昇トレンド,43.0,★ 要注目,0,,,[市況: 買い場(+5pt)] 【高値圏注意】株価が52週高値圏(100%)で推移。RSIがやや過熱気味(67)。MACD(売買の勢い指標)が上向きで買いの勢いが継続中。,2026-04-11T22:35:30.808138
7267,ホンダ,自動車,JP,1269.5,-0.51,15644900,26996480,0.58,"11777800,18059000,21655500,17295500,15644900",1647.81,1148.63,24.2,1280.63,1417.59,1488.05,54.5,-41.3396,-49.2693,7.9297,1324.42,1236.84,37.3,なし,10.17,,4941594230784.0,-3.4,551.0,1556.83,22.6,2026-04-11T22:30:56.781428,867.85,1035.58,1253.49,46.3,22.6,1.3,1677.02,2026-02-09,1225.14,2026-03-23,ホンダ,2,6.1,25,0.87,False,0,0,0,0,0,0,-13.0,1,2026-04-11T22:35:30.547289,40,RSIやや高(54) / MACDヒストグラム上昇 / BB中間以下(37%) / 200日SMA下,70,52週安値圏(24%) / PER割安(10x) / 減収(-3%) / 高配当(551.0%),15,SNS中立(-13),0,出来高減少(0.6x) / 下落トレンド,43.0,★ 要注目,0,,,[市況: 買い場(+5pt)] 【様子見】株価が52週レンジの下位(24%)に位置。MACD(売買の勢い指標)が上向きで買いの勢いが継続中。200日移動平均線を下回っており中長期トレンドは弱い。,2026-04-11T22:35:30.810272
DDOG,Datadog,クラウド/監視,US,105.37,-3.31,7713300,4532395,1.7,"3414500,3881800,3861600,6315200,7713300",199.72,87.0,16.3,120.84,120.03,138.95,27.2,-3.1164,-1.4767,-1.6398,134.81,106.88,-5.4,なし,339.9,,37285314560.0,29.2,,181.37222,72.1,2026-04-11T22:30:21.826271,90.46,66.84,92.02,16.5,57.6,14.5,201.69,2025-11-11,87.69,2025-04-21,Datadog,0,0.0,0,1.0,False,0,0,0,0,0,0,0.0,1,2026-04-11T22:35:30.546924,60,RSI売られすぎ(27) / MACDマイナス圏 / BB下限突破(-5%) / 200日SMA下,70,52週最安値圏(16%) / PER 340x / 高成長(29%) / 上値余地大(+72%),15,SNS中立(0),20,出来高やや増(1.7x) / 下落トレンド,43.0,★ 要注目 ⚠️要確認,1,PER異常値,投機的銘柄。成長期待で買うなら全体の5%以下に,[市況: 買い場(+5pt)] 【様子見】株価が52週レンジの下位(16%)に位置。RSIが売られすぎ水準(27)に達しており反発の可能性あり。200日移動平均線を下回っており中長期トレンドは弱い。,2026-04-11T22:35:30.801072
7203,トヨタ自動車,自動車,JP,3319.0,-0.36,16930900,19965045,0.85,"11430400,14215500,27222600,20191400,16930900",3886.14,2199.4,66.4,3286.4,3463.78,3054.4,57.6,-40.4657,-57.8376,17.3719,3401.86,3170.93,64.1,なし,11.68,,43257803309056.0,8.6,286.0,3992.32,20.3,2026-04-11T22:30:56.362487,1464.51,1674.25,2348.36,126.6,98.2,41.3,3941.31,2026-02-09,2337.69,2025-04-14,トヨタ自動車,8,16.3,28,0.85,False,0,0,0,0,0,0,-15.0,1,2026-04-11T22:35:30.547285,35,RSIやや高(58) / MACDヒストグラム上昇 / BB上方(64%) / 200日SMA上,55,52週中間付近(66%) / PER割安(12x) / 低成長(9%) / 高配当(286.0%),15,SNS中立(-15),40,出来高平常(0.8x) / 短期上昇,42.8,★ 要注目,0,,,[市況: 買い場(+5pt)] 【様子見】MACD(売買の勢い指標)が上向きで買いの勢いが継続中。200日移動平均線を上回っており中長期トレンドは強い。,2026-04-11T22:35:30.810166
4443,Sansan,SaaS/DX,JP,1239.0,-2.82,2311800,1657800,1.39,"1233500,1540300,1672300,1653200,2311800",2202.0,1023.0,18.3,1179.1,1202.16,1688.24,66.6,15.2511,-4.0489,19.2999,1306.38,1051.82,73.5,なし,76.91,,156754427904.0,25.3,,2143.75,73.0,2026-04-11T22:30:53.676732,2537.5,1492.0,1940.0,-51.2,-17.0,-36.1,2211.0,2025-06-24,994.0,2026-02-24,Sansan,15,22.7,37,0.82,False,0,0,0,0,0,0,-18.0,1,2026-04-11T22:35:30.547260,35,RSIやや高(67) / MACDプラス圏上昇 / BB上方(74%) / 200日SMA下,50,52週最安値圏(18%) / PER過熱(77x) / 高成長(25%),15,SNS中立(-18),50,出来高やや増(1.4x) / 短期上昇,42.8,★ 要注目,0,,,[市況: 買い場(+5pt)] 【様子見】株価が52週レンジの下位(18%)に位置。RSIがやや過熱気味(67)。MACD(売買の勢い指標)が上向きで買いの勢いが継続中。,2026-04-11T22:35:30.809466
7013,IHI,防衛/エンジン,JP,3303.0,-2.6,17523100,14715660,1.19,"12900600,14382000,20673000,12722400,17523100",4487.14,1252.08,63.4,3478.06,3765.68,2923.54,43.3,-123.1389,-124.8474,1.7085,3876.6,3079.52,28.0,なし,27.1,,3501683113984.0,5.9,61.0,4498.0,36.2,2026-04-11T22:30:55.107880,286.05,452.6,1437.23,1054.7,629.8,129.8,4684.58,2026-02-10,1405.74,2025-04-14,IHI,21,46.5,100,0.79,False,0,0,0,0,0,0,-21.0,1,2026-04-11T22:35:30.547275,65,RSI中立(43) / MACDヒストグラム上昇 / BB下限付近(28%) / 200日SMA上,45,52週中間付近(63%) / PER適正(27x) / 低成長(6%) / 高配当(61.0%),0,SNS弱気(-21),10,出来高平常(1.2x) / 下落トレンド,42.8,★ 要注目,0,,,[市況: 買い場(+5pt)] 【様子見】MACD(売買の勢い指標)が上向きで買いの勢いが継続中。200日移動平均線を上回っており中長期トレンドは強い。過去1年で130%上昇と非常に強いパフォーマンス。,2026-04-11T22:35:30.809856
6723,ルネサスエレクトロニクス,半導体/マイコン,JP,2656.5,2.37,9182200,9966440,0.92,"4374800,6105000,16806400,10659700,9182200",3103.0,1362.13,74.4,2403.72,2627.08,2085.85,67.9,-23.7585,-70.3636,46.6051,2682.23,2125.22,95.4,なし,11.2,,4817123540992.0,20.1,105.0,3039.2307,14.4,2026-04-11T22:30:45.046536,1214.09,1749.89,1669.1,118.8,51.8,59.2,3138.0,2026-02-09,1526.97,2025-04-21,ルネサスエレクトロニクス,5,8.9,20,0.82,False,0,0,0,0,0,0,-18.0,1,2026-04-11T22:35:30.547175,35,RSIやや高(68) / MACDヒストグラム上昇 / BB上方(95%) / 200日SMA上,55,52週高値圏(74%) / PER割安(11x) / 成長(20%) / 高配当(105.0%),15,SNS中立(-18),40,出来高平常(0.9x) / 短期上昇,42.8,★ 要注目,0,,,[市況: 買い場(+5pt)] 【様子見】株価が52週レンジの上位(74%)に位置。RSIがやや過熱気味(68)。MACD(売買の勢い指標)が上向きで買いの勢いが継続中。,2026-04-11T22:35:30.807221
IONQ,IonQ,量子コンピュータ,US,28.79,2.53,13000300,17375975,0.75,"11775700,19722700,20132500,16356800,13000300",82.09,18.27,16.5,30.31,33.33,46.5,42.5,-1.8089,-1.9206,0.1117,34.76,25.87,32.9,なし,-31.57,,10585330688.0,428.5,,65.29077,126.8,2026-04-11T22:30:31.117296,10.84,6.59,26.09,165.6,336.9,10.3,84.64,2025-10-13,23.49,2025-04-21,IonQ,2,5.8,17,0.61,False,0,0,0,0,0,0,-39.0,1,2026-04-11T22:35:30.547038,50,RSI中立(42) / MACDヒストグラム上昇 / BB中間以下(33%) / 200日SMA下,100,52週最安値圏(16%) / PER -32x / 超高成長(428%) / 上値余地大(+127%),0,SNS弱気(-39),0,出来高減少(0.8x) / 下落トレンド,42.5,★ 要注目 ⚠️要確認,1,PER異常値,投機的銘柄。成長期待で買うなら全体の5%以下に,[市況: 買い場(+5pt)] 【様子見】株価が52週レンジの下位(16%)に位置。MACD(売買の勢い指標)が上向きで買いの勢いが継続中。200日移動平均線を下回っており中長期トレンドは弱い。,2026-04-11T22:35:30.803629
PLTR,Palantir,AI/ソフトウェア,US,128.06,-1.86,116250900,46865790,2.48,"25142200,28671100,64827700,92361400,116250900",207.18,74.01,40.6,147.76,144.33,164.16,33.7,-3.4368,-1.1965,-2.2402,164.48,131.04,-8.9,なし,203.27,,306277974016.0,70.0,,185.2474,44.7,2026-04-11T22:30:18.388046,23.34,8.33,88.55,448.7,1437.3,44.6,207.52,2025-11-03,89.31,2025-04-21,Palantir,2,3.2,9,1.07,False,0,0,0,0,0,0,7.0,1,2026-04-11T22:35:30.546888,50,RSI低め(34) / MACDマイナス圏 / BB下限突破(-9%) / 200日SMA下,60,52週中間以下(41%) / PER 203x / 超高成長(70%) / 上値余地大(+45%),30,SNS中立(7) / 検索上昇傾向(1.1x),40,出来高増加(2.5x) / 下落トレンド,42.5,★ 要注目 ⚠️要確認,1,PER異常値,投機的銘柄。成長期待で買うなら全体の5%以下に,[市況: 買い場(+5pt)] 【様子見】RSIが売られすぎ水準に接近(34)しており反発の可能性。200日移動平均線を下回っており中長期トレンドは弱い。出来高が平均の2.5倍に増加しており注目度が上昇中。,2026-04-11T22:35:30.800043
AFRM,Affirm Holdings,フィンテック/BNPL,US,48.53,-0.98,3591400,4978095,0.72,"4415200,4267200,6045100,3054100,3591400",92.18,35.75,22.6,46.05,50.28,68.03,63.3,-0.6538,-1.5952,0.9414,50.21,41.9,79.8,なし,59.91,,16165859328.0,29.6,,79.69615,64.2,2026-04-11T22:30:34.987886,67.93,10.94,40.49,-28.6,343.6,19.9,100.0,2025-08-29,39.35,2025-04-16,Affirm Holdings,1,1.0,2,1.0,False,0,0,0,0,0,0,0.0,1,2026-04-11T22:35:30.547076,30,RSIやや高(63) / MACDヒストグラム上昇 / BB上方(80%) / 200日SMA下,65,52週安値圏(23%) / PER 60x / 高成長(30%) / 上値余地大(+64%),15,SNS中立(0),30,出来高減少(0.7x) / 短期上昇,42.5,★ 要注目,0,,,[市況: 買い場(+5pt)] 【様子見】株価が52週レンジの下位(23%)に位置。MACD(売買の勢い指標)が上向きで買いの勢いが継続中。200日移動平均線を下回っており中長期トレンドは弱い。,2026-04-11T22:35:30.804563
4816,東映アニメーション,エンタメ/アニメ,JP,2739.0,-0.76,319600,363015,0.88,"220200,414400,335700,442800,319600",3588.18,2219.85,37.9,2602.3,2514.76,2852.82,84.6,63.7752,46.9725,16.8028,2782.67,2421.94,87.9,なし,22.99,,559613214720.0,-6.5,150.0,3495.7144,27.6,2026-04-11T22:30:54.353533,2314.68,2459.27,3199.33,18.3,11.4,-14.4,3671.85,2025-04-23,2204.1,2026-02-25,東映アニメーション,18,22.6,49,0.88,False,0,0,0,0,0,0,-12.0,1,2026-04-11T22:35:30.547268,30,RSI買われすぎ(85) / MACDプラス圏上昇 / BB上方(88%) / 200日SMA下,50,52週中間以下(38%) / PER適正(23x) / 減収(-6%) / 高配当(150.0%),15,SNS中立(-12),60,出来高平常(0.9x) / 強い上昇トレンド,42.5,★ 要注目,0,,,[市況: 買い場(+5pt)] 【過熱警戒】RSIが買われすぎ水準(85)に達しており調整リスクあり。MACD(売買の勢い指標)が上向きで買いの勢いが継続中。200日移動平均線を下回っており中長期トレンドは弱い。,2026-04-11T22:35:30.809660
RBLX,Roblox,ゲーム/メタバース,US,55.59,0.76,7097800,8526115,0.83,"13447500,3789000,6754900,10161000,7097800",141.56,51.22,4.8,56.39,61.86,98.32,47.0,-1.9075,-2.3542,0.4467,60.51,52.28,40.2,なし,-41.78,,39396970496.0,43.2,,104.62686,88.2,2026-04-11T22:30:36.144745,75.0,45.2,57.26,-25.9,23.0,-2.9,150.59,2025-07-31,51.23,2026-03-30,Roblox,1,1.4,3,0.71,False,0,0,0,0,0,0,-29.0,1,2026-04-11T22:35:30.547089,50,RSI中立(47) / MACDヒストグラム上昇 / BB中間以下(40%) / 200日SMA下,95,52週最安値圏(5%) / PER -42x / 高成長(43%) / 上値余地大(+88%),0,SNS弱気(-29),10,出来高平常(0.8x) / 下落トレンド,42.5,★ 要注目 ⚠️要確認,1,PER異常値,投機的銘柄。成長期待で買うなら全体の5%以下に,[市況: 買い場(+5pt)] 【様子見】株価が52週安値圏(5%)まで下落。MACD(売買の勢い指標)が上向きで買いの勢いが継続中。200日移動平均線を下回っており中長期トレンドは弱い。,2026-04-11T22:35:30.804970
PANW,Palo Alto Networks,サイバーセキュリティ,US,155.73,-6.74,15576200,8432195,1.85,"4814800,8671300,12257400,10583700,15576200",221.38,141.67,17.6,162.5,161.07,186.87,45.0,0.3639,-0.1688,0.5328,176.27,148.73,25.4,なし,86.04,,127075680256.0,14.9,,205.96,32.3,2026-04-11T22:30:23.509638,59.23,97.64,168.34,162.9,59.5,-7.5,223.61,2025-10-28,139.57,2026-02-24,Palo Alto Networks,0,0.0,0,1.0,False,0,0,0,0,0,0,0.0,1,2026-04-11T22:35:30.546950,65,RSI中立(45) / MACDプラス圏上昇 / BB下限付近(25%) / 200日SMA下,60,52週最安値圏(18%) / PER 86x / 成長(15%) / 上値余地大(+32%),15,SNS中立(0),20,出来高やや増(1.9x) / 下落トレンド,41.8,★ 要注目 ⚠️要確認,1,逆行シグナル,テクニカル指標の信頼度が低い。ファンダメンタルズで判断,[市況: 買い場(+5pt)] 【様子見】株価が52週レンジの下位(18%)に位置。MACD(売買の勢い指標)が上向きで買いの勢いが継続中。200日移動平均線を下回っており中長期トレンドは弱い。,2026-04-11T22:35:30.801534
2914,JT（日本たばこ）,食品/たばこ,JP,5973.0,-1.01,3757200,4194760,0.9,"2621800,3304700,4158000,4113600,3757200",6140.0,3670.68,93.2,5958.25,5900.48,5177.56,68.2,56.4355,54.1425,2.2929,6210.21,5706.29,52.9,なし,21.23,,10604400082944.0,,405.0,6106.6665,2.2,2026-04-11T22:30:57.543395,1572.9,2406.07,3899.56,279.7,148.2,53.2,6182.0,2026-02-12,3922.45,2025-04-14,JT（日本たばこ）,21,32.3,66,0.83,False,0,0,0,0,0,0,-17.0,1,2026-04-11T22:35:30.547297,40,RSIやや高(68) / MACDプラス圏上昇 / BB上方(53%) / 200日SMA上,35,52週高値圏(93%) / PER適正(21x) / 高配当(405.0%),15,SNS中立(-17),60,出来高平常(0.9x) / 強い上昇トレンド,41.5,★ 要注目,0,,,[市況: 買い場(+5pt)] 【高値圏注意】株価が52週高値圏(93%)で推移。RSIがやや過熱気味(68)。MACD(売買の勢い指標)が上向きで買いの勢いが継続中。,2026-04-11T22:35:30.810464
HPE,Hewlett Packard Enterprise,サーバー/ネットワーク,US,24.89,0.24,12573400,18636635,0.67,"10819200,10196000,19230900,13260000,12573400",25.93,12.2,92.5,23.47,22.44,22.36,66.6,0.8029,0.687,0.1159,26.45,20.49,73.8,なし,9.13,,33074040832.0,18.4,229.0,26.43053,6.2,2026-04-11T22:30:29.348104,13.67,14.72,13.79,82.1,69.0,80.5,26.42,2026-03-25,13.85,2025-04-15,Hewlett Packard Enterprise,2,4.1,6,0.86,False,0,0,0,0,0,0,-14.0,1,2026-04-11T22:35:30.547023,40,RSIやや高(67) / MACDプラス圏上昇 / BB上方(74%) / 200日SMA上,40,52週高値圏(92%) / PER 9x / 成長(18%) / 上値余地小(+6%),15,SNS中立(-14),50,出来高減少(0.7x) / 強い上昇トレンド,41.5,★ 要注目,0,,,[市況: 買い場(+5pt)] 【高値圏注意】株価が52週高値圏(92%)で推移。RSIがやや過熱気味(67)。MACD(売買の勢い指標)が上向きで買いの勢いが継続中。,2026-04-11T22:35:30.803225
6526,ソシオネクスト,SoC設計,JP,1801.0,-1.58,4768200,5922210,0.81,"3747100,4198400,5808000,6738500,4768200",3448.16,1288.31,23.7,1843.16,1912.19,2402.04,54.4,-10.7596,-13.3644,2.6048,2020.51,1665.81,38.1,なし,31.95,,315614953472.0,19.2,278.0,2390.0,32.7,2026-04-11T22:30:42.833826,,1828.78,1503.68,,-1.5,19.8,3448.16,2025-10-31,1372.99,2025-04-16,ソシオネクスト,8,12.9,22,0.87,False,0,0,0,0,0,0,-13.0,1,2026-04-11T22:35:30.547156,40,RSIやや高(54) / MACDヒストグラム上昇 / BB中間以下(38%) / 200日SMA下,60,52週安値圏(24%) / PERやや高(32x) / 成長(19%) / 高配当(278.0%),15,SNS中立(-13),10,出来高平常(0.8x) / 下落トレンド,41.5,★ 要注目,0,,,[市況: 買い場(+5pt)] 【様子見】株価が52週レンジの下位(24%)に位置。MACD(売買の勢い指標)が上向きで買いの勢いが継続中。200日移動平均線を下回っており中長期トレンドは弱い。,2026-04-11T22:35:30.806701
6501,日立製作所,総合電機/IT,JP,4810.0,-0.68,11797600,12378125,0.95,"7853200,7102400,13616600,13677900,11797600",5818.0,2677.77,67.9,4771.2,4964.26,4628.27,50.4,-36.1104,-63.485,27.3746,4993.69,4548.71,58.7,なし,28.82,,21760317587456.0,10.1,94.0,5807.143,20.7,2026-04-11T22:30:50.151898,946.79,1424.52,3174.36,408.0,237.7,51.5,6039.0,2026-02-10,3187.28,2025-04-16,日立製作所,35,59.5,87,0.87,False,0,0,0,0,0,0,-13.0,1,2026-04-11T22:35:30.547223,35,RSIやや高(50) / MACDヒストグラム上昇 / BB上方(59%) / 200日SMA上,50,52週中間付近(68%) / PER適正(29x) / 成長(10%) / 高配当(94.0%),15,SNS中立(-13),40,出来高平常(0.9x) / 短期上昇,41.2,★ 要注目,0,,,[市況: 買い場(+5pt)] 【様子見】MACD(売買の勢い指標)が上向きで買いの勢いが継続中。200日移動平均線を上回っており中長期トレンドは強い。過去1年で52%上昇と非常に強いパフォーマンス。,2026-04-11T22:35:30.808448
8316,三井住友FG,メガバンク,JP,5536.0,-0.29,9342000,13130430,0.71,"7094100,8755300,16737800,12330500,9342000",6110.57,2774.33,82.8,5234.43,5440.78,4504.53,71.7,47.6631,-11.3938,59.0569,5658.87,4810.0,85.5,なし,14.81,,21136467296256.0,21.8,284.0,5878.205,6.2,2026-04-11T22:30:48.345275,1054.97,1639.34,2965.28,424.8,237.7,86.7,6189.37,2026-02-12,2992.35,2025-04-14,三井住友FG,10,23.3,42,0.87,False,0,0,0,0,0,0,-13.0,1,2026-04-11T22:35:30.547207,35,RSI買われすぎ(72) / MACDプラス圏上昇 / BB上方(86%) / 200日SMA上,55,52週高値圏(83%) / PER割安(15x) / 成長(22%) / 高配当(284.0%),15,SNS中立(-13),30,出来高減少(0.7x) / 短期上昇,41.2,★ 要注目,0,,,[市況: 買い場(+5pt)] 【過熱警戒】株価が52週レンジの上位(83%)に位置。RSIがやや過熱気味(72)。MACD(売買の勢い指標)が上向きで買いの勢いが継続中。,2026-04-11T22:35:30.808032
META,Meta Platforms,テック/広告,US,629.86,0.23,13275200,18487365,0.72,"9515700,9580800,32036600,19012900,13275200",788.15,483.15,48.1,591.27,633.26,681.68,58.7,-7.5038,-16.0793,8.5755,652.35,530.19,81.6,なし,26.81,,1593265750016.0,23.8,33.0,855.6793,35.9,2026-04-11T22:30:18.046302,309.11,212.33,541.88,103.8,196.6,16.2,794.38,2025-08-15,478.31,2025-04-21,Meta Platforms,56,75.2,100,0.82,False,0,0,0,0,0,0,-18.0,1,2026-04-11T22:35:30.546884,30,RSIやや高(59) / MACDヒストグラム上昇 / BB上方(82%) / 200日SMA下,60,52週中間以下(48%) / PER 27x / 成長(24%) / 上値余地大(+36%),15,SNS中立(-18),30,出来高減少(0.7x) / 短期上昇,41.0,★ 要注目,0,,,[市況: 買い場(+5pt)] 【様子見】MACD(売買の勢い指標)が上向きで買いの勢いが継続中。200日移動平均線を下回っており中長期トレンドは弱い。,2026-04-11T22:35:30.799917
9984,ソフトバンクグループ,投資/テック,JP,3778.0,0.08,46679400,46161220,1.01,"28379500,33623300,51785400,45064100,46679400",6819.23,1455.02,43.3,3670.7,3952.51,4103.48,58.5,-50.7766,-83.3574,32.5808,3921.94,3419.45,71.4,なし,7.06,,21529928663040.0,8.2,29.0,5217.6943,38.1,2026-04-11T22:30:45.442968,2434.31,1276.95,1673.46,55.2,195.9,125.8,6914.1,2025-10-29,1642.53,2025-04-22,ソフトバンクグループ,5,23.5,72,0.74,False,0,0,0,0,0,0,-26.0,1,2026-04-11T22:35:30.547179,30,RSIやや高(58) / MACDヒストグラム上昇 / BB上方(71%) / 200日SMA下,65,52週中間以下(43%) / PER割安(7x) / 低成長(8%) / 高配当(29.0%),0,SNS弱気(-26),40,出来高平常(1.0x) / 短期上昇,41.0,★ 要注目,0,,,[市況: 買い場(+5pt)] 【様子見】MACD(売買の勢い指標)が上向きで買いの勢いが継続中。200日移動平均線を下回っており中長期トレンドは弱い。過去1年で126%上昇と非常に強いパフォーマンス。,2026-04-11T22:35:30.807319
8766,東京海上HD,損保,JP,7095.0,-2.14,6839400,8312980,0.82,"3422700,3538100,6779900,6757600,6839400",7746.64,4364.15,80.7,6873.39,6376.62,6006.46,69.5,299.9573,312.6274,-12.6701,8275.39,5471.38,57.9,なし,12.9,,13327318122496.0,21.8,297.0,7812.0,10.1,2026-04-11T22:30:58.296167,1459.02,2415.73,4764.5,386.3,193.7,48.9,7759.46,2026-03-26,4778.07,2025-04-14,東京海上HD,4,9.3,72,0.73,False,0,0,0,0,0,0,-27.0,1,2026-04-11T22:35:30.547304,30,RSIやや高(70) / MACD反転間近 / BB上方(58%) / 200日SMA上,55,52週高値圏(81%) / PER割安(13x) / 成長(22%) / 高配当(297.0%),0,SNS弱気(-27),60,出来高平常(0.8x) / 強い上昇トレンド,41.0,★ 要注目,0,,,[市況: 買い場(+5pt)] 【高値圏注意】株価が52週レンジの上位(81%)に位置。RSIがやや過熱気味(70)。200日移動平均線を上回っており中長期トレンドは強い。,2026-04-11T22:35:30.810659
3993,PKSHA Technology,AI/自然言語処理,JP,2882.0,-1.03,280600,306530,0.92,"178600,240800,290800,302400,280600",4475.0,2314.0,26.3,2876.2,2967.56,3435.09,56.2,-30.0055,-51.8118,21.8063,3120.55,2631.85,51.2,なし,33.33,,89172697088.0,82.2,,3850.0,33.6,2026-04-11T22:30:53.402288,2907.0,1862.0,2893.0,-0.9,54.8,-0.4,4515.0,2025-10-31,2546.0,2026-03-30,PKSHA Technology,15,21.9,41,0.84,False,0,0,0,0,0,0,-16.0,1,2026-04-11T22:35:30.547257,30,RSIやや高(56) / MACDヒストグラム上昇 / BB上方(51%) / 200日SMA下,55,52週安値圏(26%) / PERやや高(33x) / 超高成長(82%),15,SNS中立(-16),40,出来高平常(0.9x) / 短期上昇,41.0,★ 要注目,0,,,[市況: 買い場(+5pt)] 【様子見】株価が52週レンジの下位(26%)に位置。MACD(売買の勢い指標)が上向きで買いの勢いが継続中。200日移動平均線を下回っており中長期トレンドは弱い。,2026-04-11T22:35:30.809369
NVDA,NVIDIA,半導体/AI,US,188.63,2.57,160099500,169634160,0.94,"107564300,132534900,147732700,116428500,160099500",207.02,94.29,83.7,177.42,182.07,180.72,68.2,0.1288,-1.6624,1.7912,188.59,166.25,100.2,なし,38.5,,4584652144640.0,73.2,2.0,268.22195,42.2,2026-04-11T22:30:13.146815,15.17,26.47,110.9,1143.4,612.6,70.1,212.17,2025-10-29,95.02,2025-04-21,NVIDIA,4,14.8,52,0.68,False,0,0,0,0,0,0,-32.0,1,2026-04-11T22:35:30.546811,40,RSIやや高(68) / MACDプラス圏上昇 / BB上方(100%) / 200日SMA上,50,52週高値圏(84%) / PER 38x / 超高成長(73%) / 上値余地大(+42%),0,SNS弱気(-32),40,出来高平常(0.9x) / 短期上昇,40.0,★ 要注目,0,,,[市況: 買い場(+5pt)] 【高値圏注意】株価が52週レンジの上位(84%)に位置。RSIがやや過熱気味(68)。MACD(売買の勢い指標)が上向きで買いの勢いが継続中。,2026-04-11T22:35:30.798328
8411,みずほFG,メガバンク,JP,6786.0,0.83,6848600,8729610,0.78,"5167300,5294000,14670500,9676300,6848600",7777.59,2850.53,79.9,6329.02,6632.11,5352.39,70.4,71.7458,-11.7414,83.4873,6909.11,5748.93,89.4,なし,16.08,,16601034260480.0,5.5,214.0,7146.25,5.3,2026-04-11T22:30:58.628664,1268.76,1750.62,3159.46,434.9,287.6,114.8,7869.53,2026-02-12,3167.25,2025-04-14,みずほFG,7,16.3,30,0.9,False,0,0,0,0,0,0,-10.0,1,2026-04-11T22:35:30.547307,35,RSI買われすぎ(70) / MACDプラス圏上昇 / BB上方(89%) / 200日SMA上,50,52週高値圏(80%) / PER割安(16x) / 低成長(6%) / 高配当(214.0%),15,SNS中立(-10),30,出来高減少(0.8x) / 短期上昇,39.8,△ 様子見,0,,,[市況: 買い場(+5pt)] 【様子見】株価が52週レンジの上位(80%)に位置。RSIがやや過熱気味(70)。MACD(売買の勢い指標)が上向きで買いの勢いが継続中。,2026-04-11T22:35:30.810756
8306,三菱UFJ FG,メガバンク,JP,2842.0,-0.02,33552100,38834050,0.86,"27808200,25886900,57129700,35140500,33552100",3040.69,1452.47,87.5,2702.17,2767.86,2391.52,73.0,32.4649,6.3557,26.1092,2906.94,2497.4,84.1,なし,16.89,,32079349809152.0,11.7,274.0,3060.0,7.7,2026-04-11T22:30:47.939081,489.89,778.86,1597.19,480.1,264.9,77.9,3042.66,2026-02-12,1583.59,2025-04-22,三菱UFJ FG,12,36.4,65,0.78,False,0,0,0,0,0,0,-22.0,1,2026-04-11T22:35:30.547203,35,RSI買われすぎ(73) / MACDプラス圏上昇 / BB上方(84%) / 200日SMA上,55,52週高値圏(88%) / PER割安(17x) / 成長(12%) / 高配当(274.0%),0,SNS弱気(-22),40,出来高平常(0.9x) / 短期上昇,39.8,△ 様子見,0,,,[市況: 買い場(+5pt)] 【過熱警戒】株価が52週高値圏(88%)で推移。RSIがやや過熱気味(73)。MACD(売買の勢い指標)が上向きで買いの勢いが継続中。,2026-04-11T22:35:30.807918
9432,NTT,通信,JP,153.1,-0.97,238253700,213998175,1.11,"99742600,172025500,224946400,185266800,238253700",160.03,134.31,73.1,155.32,152.54,152.3,44.7,0.7364,1.12,-0.3835,158.35,152.3,13.3,なし,12.2,,12465956978688.0,5.5,346.0,175.64285,14.7,2026-04-11T22:30:52.686572,97.46,144.61,141.47,57.1,5.9,8.2,161.67,2025-08-20,140.89,2025-04-24,NTT,14,48.5,93,0.71,False,0,0,0,0,0,0,-29.0,1,2026-04-11T22:35:30.547249,45,RSI中立(45) / MACDマイナス圏 / BB下限付近(13%) / 200日SMA上,50,52週高値圏(73%) / PER割安(12x) / 低成長(6%) / 高配当(346.0%),0,SNS弱気(-29),25,出来高平常(1.1x) / 中期上昇,39.5,△ 様子見,0,,,[市況: 買い場(+5pt)] 【様子見】株価が52週レンジの上位(73%)に位置。MACD(売買の勢い指標)が反転しそうな位置。200日移動平均線を上回っており中長期トレンドは強い。,2026-04-11T22:35:30.809169
DELL,Dell Technologies,サーバー/PC,US,177.8,-2.02,4276500,8820430,0.48,"3925400,5753000,7212000,4500900,4276500",185.47,70.32,93.3,168.3,144.56,135.24,63.0,9.9116,9.983,-0.0714,190.8,145.81,71.1,なし,20.48,,117826215936.0,39.5,142.0,173.375,-2.5,2026-04-11T22:30:29.014664,43.23,39.47,80.44,311.3,350.4,121.0,189.75,2026-04-08,79.27,2025-04-21,Dell Technologies,62,66.8,100,1.08,False,0,0,0,0,0,0,8.0,1,2026-04-11T22:35:30.547008,30,RSIやや高(63) / MACD反転間近 / BB上方(71%) / 200日SMA上,35,52週高値圏(93%) / PER 20x / 高成長(40%) / 割高(-2%),30,SNS中立(8) / 検索上昇傾向(1.1x),50,出来高減少(0.5x) / 強い上昇トレンド,39.5,△ 様子見,0,,,[市況: 買い場(+5pt)] 【様子見】株価が52週高値圏(93%)で推移。MACD(売買の勢い指標)が反転しそうな位置。200日移動平均線を上回っており中長期トレンドは強い。,2026-04-11T22:35:30.803120
TMO,Thermo Fisher Scientific,ライフサイエンス,US,496.11,-0.87,1308700,1929165,0.68,"1473700,1287600,1507900,1491000,1308700",638.82,389.23,42.8,483.65,508.38,520.12,62.9,-2.9847,-7.1613,4.1766,507.5,459.8,76.1,なし,27.93,,184365072384.0,7.2,35.0,658.4,32.7,2026-04-11T22:30:38.111848,469.58,574.01,436.54,5.7,-13.6,13.6,643.35,2026-01-22,384.44,2025-06-18,Thermo Fisher Scientific,10,14.0,19,0.84,False,0,0,0,0,0,0,-16.0,1,2026-04-11T22:35:30.547109,30,RSIやや高(63) / MACDヒストグラム上昇 / BB上方(76%) / 200日SMA下,55,52週中間以下(43%) / PER 28x / 低成長(7%) / 上値余地大(+33%),15,SNS中立(-16),30,出来高減少(0.7x) / 短期上昇,39.5,△ 様子見,0,,,[市況: 買い場(+5pt)] 【様子見】MACD(売買の勢い指標)が上向きで買いの勢いが継続中。200日移動平均線を下回っており中長期トレンドは弱い。,2026-04-11T22:35:30.805492
NVO,Novo Nordisk,ヘルスケア/製薬,US,37.52,0.21,11385600,16454025,0.69,"11535500,13916300,13882500,11231700,11385600",81.83,34.76,5.9,36.29,40.44,50.3,70.5,-0.746,-1.3455,0.5995,38.13,34.44,83.5,なし,10.45,,167440695296.0,-7.6,480.0,47.974068,27.9,2026-04-11T22:30:26.311313,31.2,75.55,61.74,20.3,-50.3,-39.2,77.68,2025-06-13,34.58,2026-03-03,Novo Nordisk,0,0.9,3,0.8,False,0,0,0,0,0,0,-20.0,1,2026-04-11T22:35:30.546977,25,RSI買われすぎ(70) / MACDヒストグラム上昇 / BB上方(84%) / 200日SMA下,70,52週最安値圏(6%) / PER 10x / 減収(-8%) / 上値余地あり(+28%),0,SNS弱気(-20),30,出来高減少(0.7x) / 短期上昇,39.2,△ 様子見,0,,,[市況: 買い場(+5pt)] 【様子見】株価が52週安値圏(6%)まで下落。RSIがやや過熱気味(70)。MACD(売買の勢い指標)が上向きで買いの勢いが継続中。,2026-04-11T22:35:30.802286
8001,伊藤忠商事,総合商社,JP,2026.0,-2.46,15832700,14346070,1.1,"7902400,8897700,17655900,11888900,15832700",2245.79,1181.05,79.4,2034.03,2069.51,1801.55,58.7,-3.9727,-9.1541,5.1814,2114.27,1953.8,45.0,なし,15.24,,14176456015872.0,-0.3,217.0,2429.2307,19.9,2026-04-11T22:30:47.466488,606.11,801.87,1278.64,234.3,152.7,58.5,2262.11,2026-02-27,1265.92,2025-04-16,伊藤忠商事,33,57.2,100,0.83,False,0,0,0,0,0,0,-17.0,1,2026-04-11T22:35:30.547200,45,RSIやや高(59) / MACDヒストグラム上昇 / BB中間以下(45%) / 200日SMA上,45,52週高値圏(79%) / PER割安(15x) / 減収(-0%) / 高配当(217.0%),15,SNS中立(-17),10,出来高平常(1.1x) / 下落トレンド,38.8,△ 様子見,0,,,[市況: 買い場(+5pt)] 【様子見】株価が52週レンジの上位(79%)に位置。MACD(売買の勢い指標)が上向きで買いの勢いが継続中。200日移動平均線を上回っており中長期トレンドは強い。,2026-04-11T22:35:30.807819
8830,住友不動産,不動産,JP,4806.0,-2.3,2284300,2782595,0.82,"1800000,2116600,3981300,3768600,2284300",5314.78,2425.96,82.4,4634.12,4752.76,3682.04,68.3,8.2814,-33.6725,41.9539,5001.74,4266.5,73.4,なし,22.47,,4451164225536.0,,89.0,5212.273,8.5,2026-04-11T22:30:55.482408,1776.04,1442.49,2630.14,170.6,233.2,82.7,5331.69,2026-02-26,2576.75,2025-05-01,住友不動産,5,6.4,11,0.94,False,0,0,0,0,0,0,-6.0,1,2026-04-11T22:35:30.547279,40,RSIやや高(68) / MACDプラス圏上昇 / BB上方(73%) / 200日SMA上,35,52週高値圏(82%) / PER適正(22x) / 高配当(89.0%),15,SNS中立(-6),40,出来高平常(0.8x) / 短期上昇,38.5,△ 様子見,0,,,[市況: 買い場(+5pt)] 【様子見】株価が52週レンジの上位(82%)に位置。RSIがやや過熱気味(68)。MACD(売買の勢い指標)が上向きで買いの勢いが継続中。,2026-04-11T22:35:30.809951
7012,川崎重工業,防衛/航空,JP,3381.0,1.93,12830700,15477000,0.83,"10685100,9749900,15909000,13424700,12830700",3652.99,1219.52,88.8,3147.17,3187.29,2380.55,66.9,22.3319,-9.0098,31.3416,3432.58,2861.76,91.0,なし,29.33,,2825996730368.0,,98.0,3675.0,8.7,2026-04-11T22:30:54.720067,479.51,554.17,1495.49,605.1,510.1,126.1,3743.45,2026-03-03,1479.71,2025-04-16,川崎重工業,33,54.6,96,0.91,False,0,0,0,0,0,0,-9.0,1,2026-04-11T22:35:30.547271,40,RSIやや高(67) / MACDプラス圏上昇 / BB上方(91%) / 200日SMA上,35,52週高値圏(89%) / PER適正(29x) / 高配当(98.0%),15,SNS中立(-9),40,出来高平常(0.8x) / 短期上昇,38.5,△ 様子見,0,,,[市況: 買い場(+5pt)] 【様子見】株価が52週高値圏(89%)で推移。RSIがやや過熱気味(67)。MACD(売買の勢い指標)が上向きで買いの勢いが継続中。,2026-04-11T22:35:30.809761
MRVL,Marvell Technology,半導体,US,128.49,7.19,41136500,23756675,1.73,"22700500,18965200,29455900,32718500,41136500",128.49,49.24,100.0,99.52,88.31,82.61,82.7,8.9046,6.081,2.8237,123.53,75.5,110.3,なし,41.85,,112359145472.0,22.1,19.0,122.87663,-4.4,2026-04-11T22:30:14.147117,48.7,39.14,53.25,163.9,228.3,141.3,129.84,2026-04-10,47.96,2025-04-21,Marvell Technology,0,0.8,4,1.11,False,0,0,0,0,0,0,11.0,1,2026-04-11T22:35:30.546833,35,RSI買われすぎ(83) / MACDプラス圏上昇 / BB上方(110%) / 200日SMA上,15,52週高値圏(100%) / PER 42x / 成長(22%) / 割高(-4%),30,SNS中立(11) / 検索上昇傾向(1.1x),70,出来高やや増(1.7x) / 強い上昇トレンド,38.2,△ 様子見,0,,,[市況: 買い場(+5pt)] 【過熱警戒】株価が52週高値圏(100%)で推移。RSIが買われすぎ水準(83)に達しており調整リスクあり。MACD(売買の勢い指標)が上向きで買いの勢いが継続中。,2026-04-11T22:35:30.798717
6920,レーザーテック,半導体検査装置,JP,41580.0,7.44,6074300,4720825,1.29,"5163000,3874200,7877100,4051500,6074300",41580.0,10327.44,100.0,35914.5,33995.5,25587.06,75.5,1454.1898,855.8384,598.3514,40819.93,31009.07,107.7,なし,43.1,,3726843314176.0,-19.7,79.0,36153.332,-13.1,2026-04-11T22:30:41.779795,17221.88,21270.11,11774.66,141.4,95.5,253.1,41630.0,2026-04-10,11346.4,2025-04-16,レーザーテック,20,36.3,57,0.88,False,0,0,0,0,0,0,-12.0,1,2026-04-11T22:35:30.547143,35,RSI買われすぎ(76) / MACDプラス圏上昇 / BB上方(108%) / 200日SMA上,25,52週高値圏(100%) / PERやや高(43x) / 減収(-20%) / 高配当(79.0%),15,SNS中立(-12),70,出来高やや増(1.3x) / 強い上昇トレンド,38.2,△ 様子見,0,,,[市況: 買い場(+5pt)] 【過熱警戒】株価が52週高値圏(100%)で推移。RSIが買われすぎ水準(76)に達しており調整リスクあり。MACD(売買の勢い指標)が上向きで買いの勢いが継続中。,2026-04-11T22:35:30.806405
LLY,Eli Lilly,ヘルスケア/製薬,US,939.47,-1.65,1957200,2965000,0.66,"1821100,2726900,2568000,1672100,1957200",1108.09,622.32,65.3,927.73,985.53,899.95,57.8,-12.4771,-20.3332,7.8561,986.17,869.28,60.0,なし,40.99,,840843264000.0,42.6,66.0,1209.6897,28.8,2026-04-11T22:30:25.730297,172.98,360.95,727.03,443.1,160.3,29.2,1132.06,2026-01-08,620.46,2025-08-08,Eli Lilly,0,1.0,2,0.85,False,0,0,0,0,0,0,-15.0,1,2026-04-11T22:35:30.546973,35,RSIやや高(58) / MACDヒストグラム上昇 / BB上方(60%) / 200日SMA上,45,52週中間付近(65%) / PER 41x / 高成長(43%) / 上値余地あり(+29%),15,SNS中立(-15),30,出来高減少(0.7x) / 短期上昇,38.2,△ 様子見,0,,,[市況: 買い場(+5pt)] 【様子見】MACD(売買の勢い指標)が上向きで買いの勢いが継続中。200日移動平均線を上回っており中長期トレンドは強い。,2026-04-11T22:35:30.802182
9005,東急,鉄道/不動産,JP,1888.5,-1.0,1445500,1794345,0.81,"719900,997700,1720300,1620100,1445500",1982.06,1624.85,73.8,1872.16,1873.51,1788.51,71.3,9.3517,5.8647,3.487,1939.23,1805.1,62.2,デッドクロス,12.56,,1076923006976.0,2.0,169.0,2168.5715,14.8,2026-04-11T22:30:55.913334,1353.04,1735.41,1722.77,39.6,8.8,9.6,1993.96,2026-03-02,1618.94,2025-07-16,東急,37,54.6,100,0.86,False,0,0,0,0,0,0,-14.0,1,2026-04-11T22:35:30.547282,25,RSI買われすぎ(71) / MACDプラス圏上昇 / BB上方(62%) / デッドクロス警告,50,52週高値圏(74%) / PER割安(13x) / 低成長(2%) / 高配当(169.0%),15,SNS中立(-14),40,出来高平常(0.8x) / 短期上昇,37.8,△ 様子見,0,,,[市況: 買い場(+5pt)] 【様子見】株価が52週レンジの上位(74%)に位置。RSIがやや過熱気味(71)。MACD(売買の勢い指標)が上向きで買いの勢いが継続中。,2026-04-11T22:35:30.810064
TSM,TSMC,半導体ファウンドリ,US,370.6,1.4,13141100,13090335,1.0,"5884800,6823500,16356900,9246000,13141100",386.64,139.64,93.5,341.83,349.93,292.59,68.7,3.3502,-1.0718,4.4219,368.52,315.14,103.9,なし,35.46,,1922118713344.0,20.5,95.0,432.31833,16.7,2026-04-11T22:30:16.342723,111.28,83.1,155.16,233.0,345.9,138.9,389.11,2026-02-25,144.06,2025-04-21,TSMC,28,48.0,100,0.88,False,0,0,0,0,0,0,-12.0,1,2026-04-11T22:35:30.546867,40,RSIやや高(69) / MACDプラス圏上昇 / BB上方(104%) / 200日SMA上,30,52週高値圏(94%) / PER 35x / 成長(20%) / 上値余地あり(+17%),15,SNS中立(-12),40,出来高平常(1.0x) / 短期上昇,37.0,△ 様子見,0,,,[市況: 買い場(+5pt)] 【様子見】株価が52週高値圏(94%)で推移。RSIがやや過熱気味(69)。MACD(売買の勢い指標)が上向きで買いの勢いが継続中。,2026-04-11T22:35:30.799482
ABNB,Airbnb,旅行/プラットフォーム,US,128.96,-0.15,3572200,3426220,1.04,"2527600,2735300,3796800,3653700,3572200",142.16,105.69,63.8,128.31,128.01,128.02,50.6,-0.486,-0.6688,0.1828,134.44,122.18,55.3,なし,31.92,,77313327104.0,12.0,,145.68056,13.0,2026-04-11T22:30:24.486887,176.49,112.42,114.54,-26.9,14.7,12.6,143.88,2025-06-06,109.79,2025-04-21,Airbnb,0,0.1,3,0.0,False,0,0,0,0,0,0,0.0,0,2026-04-11T22:35:30.546961,35,RSIやや高(51) / MACDヒストグラム上昇 / BB上方(55%) / 200日SMA上,25,52週中間付近(64%) / PER 32x / 成長(12%) / 上値余地小(+13%),15,SNS中立(0),60,出来高平常(1.0x) / 強い上昇トレンド,36.8,△ 様子見,0,,,[市況: 買い場(+5pt)] 【様子見】MACD(売買の勢い指標)が上向きで買いの勢いが継続中。200日移動平均線を上回っており中長期トレンドは強い。,2026-04-11T22:35:30.801848
AVGO,Broadcom,半導体/AI,US,371.55,4.69,29929600,26270380,1.14,"12111300,33310900,31573100,20514900,29929600",411.32,145.11,85.1,321.84,326.12,328.94,75.5,6.0343,-0.706,6.7403,358.85,284.84,117.2,なし,72.43,,1761620131840.0,29.5,70.0,472.92395,27.3,2026-04-11T22:30:13.804455,43.76,59.26,180.48,749.1,526.9,105.9,412.95,2025-12-10,160.31,2025-04-21,Broadcom,1,3.2,10,0.89,False,0,0,0,0,0,0,-11.0,1,2026-04-11T22:35:30.546827,35,RSI買われすぎ(76) / MACDプラス圏上昇 / BB上方(117%) / 200日SMA上,35,52週高値圏(85%) / PER 72x / 高成長(30%) / 上値余地あり(+27%),15,SNS中立(-11),40,出来高平常(1.1x) / 短期上昇,36.8,△ 様子見,0,,,[市況: 買い場(+5pt)] 【過熱警戒】株価が52週高値圏(85%)で推移。RSIが買われすぎ水準(76)に達しており調整リスクあり。MACD(売買の勢い指標)が上向きで買いの勢いが継続中。,2026-04-11T22:35:30.798598
NFLX,Netflix,エンタメ/ストリーミング,US,103.01,0.94,25678900,36290175,0.71,"37029300,25016700,30957600,35087800,25678900",133.91,75.86,46.8,95.6,89.7,106.54,80.3,2.7454,2.1163,0.629,102.53,88.66,103.4,なし,40.72,,436957052928.0,17.6,,114.03133,10.7,2026-04-11T22:30:27.373049,55.28,33.1,91.83,86.3,211.2,12.2,134.12,2025-06-30,75.01,2026-02-23,Netflix,0,0.1,2,0.0,False,0,0,0,0,0,0,0.0,0,2026-04-11T22:35:30.546988,30,RSI買われすぎ(80) / MACDプラス圏上昇 / BB上方(103%) / 200日SMA下,35,52週中間以下(47%) / PER 41x / 成長(18%) / 上値余地小(+11%),15,SNS中立(0),50,出来高減少(0.7x) / 強い上昇トレンド,36.5,△ 様子見,0,,,[市況: 買い場(+5pt)] 【様子見】RSIが買われすぎ水準(80)に達しており調整リスクあり。MACD(売買の勢い指標)が上向きで買いの勢いが継続中。200日移動平均線を下回っており中長期トレンドは弱い。,2026-04-11T22:35:30.802592
NOW,ServiceNow,クラウド/SaaS,US,83.0,-7.58,58626700,18078910,3.24,"9141300,12008200,19796900,42131500,58626700",208.94,83.0,0.0,104.65,107.78,158.01,17.1,-5.6889,-3.8118,-1.8771,121.58,87.73,-14.0,なし,49.7,,86817996800.0,20.7,,182.28732,119.6,2026-04-11T22:30:21.269695,107.4,94.29,157.13,-22.7,-12.0,-47.2,211.48,2025-07-03,81.24,2026-04-10,ServiceNow,51,54.9,64,0.98,False,0,0,0,0,0,0,-2.0,1,2026-04-11T22:35:30.546915,60,RSI売られすぎ(17) / MACDマイナス圏 / BB下限突破(-14%) / 200日SMA下,65,52週最安値圏(0%) / PER 50x / 成長(21%) / 上値余地大(+120%),15,SNS中立(-2),50,出来高急増(3.2x) / 下落トレンド,36.0,△ 様子見 ⚠️要確認,2,急落アラート / 52週安値更新中,ニュースを確認してください。粉飾決算・訴訟・規制リスクの可能性 / 底値を狙うナンピンは危険。反転確認まで待つ,[市況: 買い場(+5pt)] 【買い検討】株価が52週安値圏(0%)まで下落。RSIが売られすぎ水準(17)に達しており反発の可能性あり。200日移動平均線を下回っており中長期トレンドは弱い。,2026-04-11T22:35:30.800809
SNOW,Snowflake,クラウド/データ,US,121.11,-8.42,23292200,6264900,3.72,"5669300,5267100,5506200,15489400,23292200",277.14,121.11,0.0,158.35,168.35,212.76,16.8,-10.6901,-7.7571,-2.9329,188.45,128.26,-11.9,なし,49.88,,41867726848.0,30.1,,237.88766,96.4,2026-04-11T22:30:21.553033,233.39,139.66,144.96,-48.1,-13.3,-16.5,280.67,2025-11-03,118.3,2026-04-10,Snowflake,9,20.7,100,0.41,False,0,0,0,0,0,0,-59.0,1,2026-04-11T22:35:30.546920,60,RSI売られすぎ(17) / MACDマイナス圏 / BB下限突破(-12%) / 200日SMA下,75,52週最安値圏(0%) / PER 50x / 高成長(30%) / 上値余地大(+96%),0,SNS弱気(-59),50,出来高急増(3.7x) / 下落トレンド,36.0,△ 様子見 ⚠️要確認,2,急落アラート / 52週安値更新中,ニュースを確認してください。粉飾決算・訴訟・規制リスクの可能性 / 底値を狙うナンピンは危険。反転確認まで待つ,[市況: 買い場(+5pt)] 【買い検討】株価が52週安値圏(0%)まで下落。RSIが売られすぎ水準(17)に達しており反発の可能性あり。200日移動平均線を下回っており中長期トレンドは弱い。,2026-04-11T22:35:30.800917
GOOGL,Alphabet,テック/広告/AI,US,317.24,-0.39,19127000,29208630,0.65,"16945500,23205400,33547100,23739200,19127000",343.45,144.2,86.8,299.3,308.23,268.25,60.1,1.3036,-2.7145,4.0181,325.69,272.91,84.0,なし,29.32,,3837652369408.0,18.0,26.0,375.9325,18.5,2026-04-11T22:30:19.977083,111.31,103.78,156.6,185.0,205.7,102.6,348.75,2026-02-03,145.6,2025-04-21,Alphabet,15,26.3,48,0.8,False,0,0,0,0,0,0,-20.0,1,2026-04-11T22:35:30.546904,40,RSIやや高(60) / MACDプラス圏上昇 / BB上方(84%) / 200日SMA上,40,52週高値圏(87%) / PER 29x / 成長(18%) / 上値余地あり(+18%),0,SNS弱気(-20),30,出来高減少(0.7x) / 短期上昇,35.5,△ 様子見,0,,,[市況: 買い場(+5pt)] 【様子見】株価が52週高値圏(87%)で推移。MACD(売買の勢い指標)が上向きで買いの勢いが継続中。200日移動平均線を上回っており中長期トレンドは強い。,2026-04-11T22:35:30.800476
INTC,Intel,半導体,US,62.38,1.07,98439700,102888600,0.96,"79978800,129543800,184599900,155609900,98439700",62.38,18.13,100.0,48.18,47.21,36.19,80.4,3.4541,1.4552,1.9989,60.65,35.71,106.9,なし,61.35,,313210634240.0,-4.1,,47.23293,-24.3,2026-04-11T22:30:16.776220,59.49,31.25,19.74,4.9,99.6,216.0,63.39,2026-04-10,18.25,2025-04-21,Intel,1,1.5,6,1.38,False,0,0,0,0,0,0,38.0,1,2026-04-11T22:35:30.546872,35,RSI買われすぎ(80) / MACDプラス圏上昇 / BB上方(107%) / 200日SMA上,0,52週高値圏(100%) / PER 61x / 減収(-4%) / 割高(-24%),45,SNSやや強気(+38) / 検索上昇傾向(1.4x),60,出来高平常(1.0x) / 強い上昇トレンド,35.2,△ 様子見,0,,,[市況: 買い場(+5pt)] 【過熱警戒】株価が52週高値圏(100%)で推移。RSIが買われすぎ水準(80)に達しており調整リスクあり。MACD(売買の勢い指標)が上向きで買いの勢いが継続中。,2026-04-11T22:35:30.799594
6857,アドバンテスト,半導体テスト装置,JP,24990.0,0.77,10849800,9746630,1.11,"6851400,6973500,13848700,8706000,10849800",28615.0,5023.91,84.6,22977.75,24743.2,18060.56,58.8,-169.0252,-581.8584,412.8333,25888.95,20066.55,84.6,なし,70.42,,18143099486208.0,25.5,20.0,28695.0,14.8,2026-04-11T22:30:42.564149,2554.65,2827.18,5620.71,878.2,783.9,344.6,29345.0,2026-02-26,5333.29,2025-04-22,アドバンテスト,8,18.8,64,0.72,False,0,0,0,0,0,0,-28.0,1,2026-04-11T22:35:30.547152,35,RSIやや高(59) / MACDヒストグラム上昇 / BB上方(85%) / 200日SMA上,40,52週高値圏(85%) / PER過熱(70x) / 高成長(26%) / 高配当(20.0%),0,SNS弱気(-28),40,出来高平常(1.1x) / 短期上昇,35.2,△ 様子見,0,,,[市況: 買い場(+5pt)] 【様子見】株価が52週レンジの上位(85%)に位置。MACD(売買の勢い指標)が上向きで買いの勢いが継続中。200日移動平均線を上回っており中長期トレンドは強い。,2026-04-11T22:35:30.806603
RGTI,Rigetti Computing,量子コンピュータ,US,14.68,2.59,17290000,23837975,0.73,"16002400,20967000,24859100,20875900,17290000",56.34,7.5,14.7,14.75,16.11,22.49,48.8,-0.7476,-0.898,0.1504,16.75,12.76,48.2,なし,-77.77,,4875970560.0,-17.9,,31.53727,114.8,2026-04-11T22:30:31.993040,,0.52,9.1,,2701.5,61.3,58.15,2025-10-14,7.81,2025-04-21,Rigetti Computing,0,1.6,3,0.52,False,0,0,0,0,0,0,-48.0,1,2026-04-11T22:35:30.547042,50,RSI中立(49) / MACDヒストグラム上昇 / BB中間以下(48%) / 200日SMA下,75,52週最安値圏(15%) / PER -78x / 減収(-18%) / 上値余地大(+115%),0,SNS弱気(-48),0,出来高減少(0.7x) / 下落トレンド,35.0,△ 様子見 ⚠️要確認,1,PER異常値,投機的銘柄。成長期待で買うなら全体の5%以下に,[市況: 買い場(+5pt)] 【様子見】株価が52週安値圏(15%)まで下落。MACD(売買の勢い指標)が上向きで買いの勢いが継続中。200日移動平均線を下回っており中長期トレンドは弱い。,2026-04-11T22:35:30.803729
8031,三井物産,総合商社,JP,6292.0,-1.38,6343400,9040825,0.7,"5045600,4905300,10278700,7646300,6343400",6597.91,2412.07,92.7,6224.55,5784.57,4238.19,61.9,165.4799,184.5013,-19.0213,6660.02,5789.09,57.7,なし,19.96,,17867913297920.0,-1.5,191.0,6389.231,1.5,2026-04-11T22:30:47.083751,977.4,1911.73,2558.55,543.7,229.1,145.9,6675.0,2026-04-08,2529.74,2025-04-17,三井物産,8,14.3,25,0.85,False,0,0,0,0,0,0,-15.0,1,2026-04-11T22:35:30.547196,15,RSIやや高(62) / MACDマイナス圏 / BB上方(58%) / 200日SMA上,45,52週高値圏(93%) / PER割安(20x) / 減収(-2%) / 高配当(191.0%),15,SNS中立(-15),50,出来高減少(0.7x) / 強い上昇トレンド,34.2,△ 様子見,0,,,[市況: 買い場(+5pt)] 【様子見】株価が52週高値圏(93%)で推移。200日移動平均線を上回っており中長期トレンドは強い。過去1年で146%上昇と非常に強いパフォーマンス。,2026-04-11T22:35:30.807721
AMAT,Applied Materials,半導体製造装置,US,399.49,0.42,6397400,6404180,1.0,"2505500,4024800,7628500,5373600,6397400",399.49,125.82,100.0,357.09,350.95,253.45,63.7,9.1801,3.9263,5.2539,396.61,317.58,103.7,なし,40.97,,317039181824.0,-2.1,53.0,421.875,5.6,2026-04-11T22:30:15.293489,129.37,110.27,143.65,208.8,262.3,178.1,407.29,2026-04-10,131.62,2025-04-21,Applied Materials,10,17.6,35,0.84,False,0,0,0,0,0,0,-16.0,1,2026-04-11T22:35:30.546846,40,RSIやや高(64) / MACDプラス圏上昇 / BB上方(104%) / 200日SMA上,10,52週高値圏(100%) / PER 41x / 減収(-2%) / 上値余地小(+6%),15,SNS中立(-16),60,出来高平常(1.0x) / 強い上昇トレンド,34.0,△ 様子見,0,,,[市況: 買い場(+5pt)] 【様子見】株価が52週高値圏(100%)で推移。MACD(売買の勢い指標)が上向きで買いの勢いが継続中。200日移動平均線を上回っており中長期トレンドは強い。,2026-04-11T22:35:30.799072
LCID,Lucid Group,EV,US,8.58,-2.17,5914400,5909585,1.0,"9151400,11562400,7402000,5593900,5914400",31.3,8.58,0.0,9.68,10.01,16.26,32.9,-0.3722,-0.2489,-0.1233,10.9,8.46,5.0,なし,-1.95,,2811531008.0,122.9,,14.04545,63.7,2026-04-11T22:30:35.600940,220.3,81.3,25.0,-96.1,-89.4,-65.7,33.7,2025-07-17,8.56,2026-04-10,Lucid Group,0,1.1,2,0.68,False,0,0,0,0,0,0,-32.0,1,2026-04-11T22:35:30.547083,50,RSI低め(33) / MACDマイナス圏 / BB下限突破(5%) / 200日SMA下,100,52週最安値圏(0%) / PER -2x / 超高成長(123%) / 上値余地大(+64%),0,SNS弱気(-32),10,出来高平常(1.0x) / 下落トレンド,34.0,△ 様子見 ⚠️要確認,2,PER異常値 / 52週安値更新中,投機的銘柄。成長期待で買うなら全体の5%以下に / 底値を狙うナンピンは危険。反転確認まで待つ,[市況: 買い場(+5pt)] 【様子見】株価が52週安値圏(0%)まで下落。RSIが売られすぎ水準に接近(33)しており反発の可能性。MACD(売買の勢い指標)が反転しそうな位置。,2026-04-11T22:35:30.804770
AMZN,Amazon,テック/EC/クラウド,US,238.38,2.02,56842200,44464400,1.28,"25385500,28154600,51092700,65964200,56842200",254.0,167.32,82.0,212.2,213.4,224.86,75.3,3.6215,0.0637,3.5578,231.06,193.33,119.4,なし,33.2,,2563598712832.0,13.6,,281.27344,18.0,2026-04-11T22:30:19.539592,168.97,97.83,184.87,41.1,143.7,28.9,258.6,2025-11-03,165.29,2025-04-21,Amazon,5,16.0,61,0.79,False,0,0,0,0,0,0,-21.0,1,2026-04-11T22:35:30.546899,35,RSI買われすぎ(75) / MACDプラス圏上昇 / BB上方(119%) / 200日SMA上,30,52週高値圏(82%) / PER 33x / 成長(14%) / 上値余地あり(+18%),0,SNS弱気(-21),50,出来高やや増(1.3x) / 短期上昇,33.8,△ 様子見,0,,,[市況: 買い場(+5pt)] 【過熱警戒】株価が52週レンジの上位(82%)に位置。RSIが買われすぎ水準(75)に達しており調整リスクあり。MACD(売買の勢い指標)が上向きで買いの勢いが継続中。,2026-04-11T22:35:30.800368
4661,オリエンタルランド,レジャー/テーマパーク,JP,2607.5,-0.19,4662900,4270155,1.09,"3994400,3653500,4618200,5196300,4662900",3698.09,2607.5,0.0,2702.05,2734.87,3091.66,43.6,-32.5751,-24.0355,-8.5396,2819.58,2584.51,9.8,なし,33.78,,4275036749824.0,2.9,54.0,3553.6992,36.3,2026-04-11T22:30:45.796117,3193.16,4801.59,3088.88,-18.3,-45.7,-15.6,3698.09,2025-09-16,2584.0,2026-04-10,オリエンタルランド,6,13.0,38,0.94,False,0,0,0,0,0,0,-6.0,1,2026-04-11T22:35:30.547183,45,RSI中立(44) / MACDマイナス圏 / BB下限突破(10%) / 200日SMA下,60,52週最安値圏(0%) / PERやや高(34x) / 低成長(3%) / 高配当(54.0%),15,SNS中立(-6),10,出来高平常(1.1x) / 下落トレンド,33.2,△ 様子見 ⚠️要確認,1,52週安値更新中,底値を狙うナンピンは危険。反転確認まで待つ,[市況: 買い場(+5pt)] 【様子見】株価が52週安値圏(0%)まで下落。200日移動平均線を下回っており中長期トレンドは弱い。,2026-04-11T22:35:30.807419
NET,Cloudflare,クラウド/セキュリティ,US,166.99,-13.5,13721600,4415345,3.11,"1987000,3731100,4120500,11428300,13721600",253.3,97.08,44.8,208.8,193.57,202.12,28.7,-0.7903,3.5826,-4.3729,234.24,183.35,-32.2,なし,115.83,,58777190400.0,33.6,,233.46774,39.8,2026-04-11T22:30:22.188501,69.73,63.04,106.25,139.5,164.9,57.2,260.0,2025-11-03,100.25,2025-04-21,Cloudflare,32,40.0,63,0.83,False,0,0,0,0,0,0,-17.0,1,2026-04-11T22:35:30.546939,60,RSI売られすぎ(29) / MACDマイナス圏 / BB下限突破(-32%) / 200日SMA下,55,52週中間以下(45%) / PER 116x / 高成長(34%) / 上値余地大(+40%),15,SNS中立(-17),50,出来高急増(3.1x) / 下落トレンド,33.0,△ 様子見 ⚠️要確認,2,急落アラート / 高ボラティリティ警告,ニュースを確認してください。粉飾決算・訴訟・規制リスクの可能性 / 短期トレードには不向き。ポジションサイズを小さく,[市況: 買い場(+5pt)] 【様子見】RSIが売られすぎ水準(29)に達しており反発の可能性あり。200日移動平均線を下回っており中長期トレンドは弱い。出来高が平均の3.1倍に急増しており大きな動きの兆候。,2026-04-11T22:35:30.801205
9983,ファーストリテイリング,小売/アパレル,JP,75540.0,11.99,3284100,1134580,2.89,"798900,760000,1476400,1471400,3284100",75540.0,41225.39,100.0,64451.0,64675.84,54683.4,89.6,1294.3379,188.232,1106.1059,70904.56,57997.44,135.9,なし,48.54,,23178673913856.0,14.8,85.0,68764.29,-9.0,2026-04-11T22:30:49.663863,27792.88,28778.21,45065.83,171.8,162.5,67.6,75540.0,2026-04-10,42828.87,2025-07-14,ファーストリテイリング,9,10.0,22,1.05,False,0,0,0,0,0,0,5.0,1,2026-04-11T22:35:30.547219,35,RSI買われすぎ(90) / MACDプラス圏上昇 / BB上方(136%) / 200日SMA上,30,52週高値圏(100%) / PER過熱(49x) / 成長(15%) / 高配当(85.0%),30,SNS中立(5) / 検索上昇傾向(1.1x),70,出来高増加(2.9x) / 短期上昇,32.8,△ 様子見 ⚠️要確認,1,高ボラティリティ警告,短期トレードには不向き。ポジションサイズを小さく,[市況: 買い場(+5pt)] 【過熱警戒】株価が52週高値圏(100%)で推移。RSIが買われすぎ水準(90)に達しており調整リスクあり。MACD(売買の勢い指標)が上向きで買いの勢いが継続中。,2026-04-11T22:35:30.808347
EA,Electronic Arts,ゲーム,US,202.74,0.27,1542200,2094940,0.74,"960700,1265800,2123400,2370900,1542200",204.6,131.96,97.4,202.05,201.17,189.13,64.5,0.6819,0.6147,0.0672,205.06,199.04,61.4,なし,75.65,,50736439296.0,1.0,37.0,205.58824,1.4,2026-04-11T22:30:36.852556,137.75,124.2,142.32,47.2,63.2,42.5,204.7,2025-12-31,140.44,2025-04-21,Electronic Arts,63,74.8,100,0.84,False,0,0,0,0,0,0,-16.0,1,2026-04-11T22:35:30.547097,40,RSIやや高(64) / MACDプラス圏上昇 / BB上方(61%) / 200日SMA上,10,52週高値圏(97%) / PER 76x / 低成長(1%) / 上値余地小(+1%),15,SNS中立(-16),50,出来高減少(0.7x) / 強い上昇トレンド,32.5,△ 様子見,0,,,[市況: 買い場(+5pt)] 【様子見】株価が52週高値圏(97%)で推移。MACD(売買の勢い指標)が上向きで買いの勢いが継続中。200日移動平均線を上回っており中長期トレンドは強い。,2026-04-11T22:35:30.805189
LRCX,Lam Research,半導体製造装置,US,263.66,1.89,9118900,10316365,0.88,"4031200,6818400,11023000,9757800,9118900",263.66,58.66,100.0,227.09,228.07,161.72,64.7,6.0532,1.2079,4.8453,258.95,195.22,107.4,なし,54.03,,331164876800.0,22.1,39.0,279.12903,5.9,2026-04-11T22:30:14.514182,61.65,48.29,66.99,327.7,446.0,293.6,268.23,2026-04-10,60.7,2025-04-21,Lam Research,0,0.5,2,0.0,False,0,0,0,0,0,0,0.0,0,2026-04-11T22:35:30.546836,40,RSIやや高(65) / MACDプラス圏上昇 / BB上方(107%) / 200日SMA上,15,52週高値圏(100%) / PER 54x / 成長(22%) / 上値余地小(+6%),15,SNS中立(0),40,出来高平常(0.9x) / 短期上昇,32.5,△ 様子見,0,,,[市況: 買い場(+5pt)] 【様子見】株価が52週高値圏(100%)で推移。MACD(売買の勢い指標)が上向きで買いの勢いが継続中。200日移動平均線を上回っており中長期トレンドは強い。,2026-04-11T22:35:30.798831
8035,東京エレクトロン,半導体製造装置,JP,44040.0,4.38,4086200,2864925,1.43,"2127100,1924100,3872000,2672900,4086200",45833.48,16745.46,93.8,39368.24,40726.59,31703.2,70.2,318.6477,-282.59,601.2377,42785.72,35950.77,118.4,なし,37.45,,20118228697088.0,-15.7,136.0,47740.91,8.4,2026-04-11T22:30:41.279882,14587.72,15057.54,19277.89,201.9,192.5,128.4,46200.3,2026-02-25,18738.03,2025-04-22,東京エレクトロン,2,4.1,6,0.77,False,0,0,0,0,0,0,-23.0,1,2026-04-11T22:35:30.547139,35,RSI買われすぎ(70) / MACDプラス圏上昇 / BB上方(118%) / 200日SMA上,25,52週高値圏(94%) / PERやや高(37x) / 減収(-16%) / 高配当(136.0%),0,SNS弱気(-23),50,出来高やや増(1.4x) / 短期上昇,32.2,△ 様子見,0,,,[市況: 買い場(+5pt)] 【過熱警戒】株価が52週高値圏(94%)で推移。RSIがやや過熱気味(70)。MACD(売買の勢い指標)が上向きで買いの勢いが継続中。,2026-04-11T22:35:30.806305
6146,ディスコ,半導体製造装置,JP,66890.0,3.54,2150100,2312025,0.93,"1952600,2961700,3064700,2504700,2150100",79629.64,23425.86,77.3,66192.64,69117.33,52083.83,53.3,-967.4756,-1106.1061,138.6305,71059.07,61326.21,57.2,なし,57.47,,7252917878784.0,16.8,65.0,71725.0,7.2,2026-04-11T22:30:42.151754,11698.92,14162.44,27267.3,471.8,372.3,145.3,80625.01,2026-02-26,25376.36,2025-04-18,ディスコ,8,16.3,34,0.75,False,0,0,0,0,0,0,-25.0,1,2026-04-11T22:35:30.547148,35,RSIやや高(53) / MACDヒストグラム上昇 / BB上方(57%) / 200日SMA上,30,52週高値圏(77%) / PER過熱(57x) / 成長(17%) / 高配当(65.0%),0,SNS弱気(-25),40,出来高平常(0.9x) / 短期上昇,32.2,△ 様子見,0,,,[市況: 買い場(+5pt)] 【様子見】株価が52週レンジの上位(77%)に位置。MACD(売買の勢い指標)が上向きで買いの勢いが継続中。200日移動平均線を上回っており中長期トレンドは強い。,2026-04-11T22:35:30.806503
6963,ローム,半導体/電子部品,JP,3651.0,0.75,2878200,4758020,0.6,"4059000,2373300,4037500,3245800,2878200",3651.0,1071.46,100.0,3350.63,2996.85,2332.04,72.0,177.9274,158.3999,19.5276,3745.64,2955.63,88.0,なし,42.02,,1409414856704.0,,137.0,2838.889,-22.2,2026-04-11T22:30:44.673799,2595.68,2453.03,1279.96,40.7,48.8,185.2,3710.0,2026-04-06,1176.44,2025-04-17,ローム,3,8.9,100,0.56,False,0,0,0,0,0,0,-44.0,1,2026-04-11T22:35:30.547171,35,RSI買われすぎ(72) / MACDプラス圏上昇 / BB上方(88%) / 200日SMA上,25,52週高値圏(100%) / PERやや高(42x) / 高配当(137.0%),0,SNS弱気(-44),50,出来高減少(0.6x) / 強い上昇トレンド,32.2,△ 様子見,0,,,[市況: 買い場(+5pt)] 【過熱警戒】株価が52週高値圏(100%)で推移。RSIがやや過熱気味(72)。MACD(売買の勢い指標)が上向きで買いの勢いが継続中。,2026-04-11T22:35:30.807120
4063,信越化学工業,半導体材料,JP,6556.0,0.77,6428200,9556390,0.67,"5253100,4807800,18412500,9355900,6428200",6661.99,3479.53,96.7,6367.23,5921.33,4997.61,71.2,155.5772,156.6547,-1.0775,6740.96,5993.49,75.3,なし,25.38,,12169993256960.0,-2.1,162.0,6617.0586,0.9,2026-04-11T22:30:44.319548,3426.1,3831.35,3795.23,91.4,71.1,72.7,6733.0,2026-04-08,3634.44,2025-04-22,信越化学工業,6,14.2,40,0.74,False,0,0,0,0,0,0,-26.0,1,2026-04-11T22:35:30.547167,25,RSI買われすぎ(71) / MACD反転間近 / BB上方(75%) / 200日SMA上,35,52週高値圏(97%) / PER適正(25x) / 減収(-2%) / 高配当(162.0%),0,SNS弱気(-26),50,出来高減少(0.7x) / 強い上昇トレンド,31.8,△ 様子見,0,,,[市況: 買い場(+5pt)] 【過熱警戒】株価が52週高値圏(97%)で推移。RSIがやや過熱気味(71)。200日移動平均線を上回っており中長期トレンドは強い。,2026-04-11T22:35:30.807002
RIVN,Rivian Automotive,EV,US,15.43,1.25,19280500,27452165,0.7,"22766800,27778900,31904800,16625000,19280500",22.45,10.61,40.7,15.29,15.26,15.05,54.8,-0.1125,-0.1347,0.0222,16.19,14.38,58.0,なし,-7.99,,19148474368.0,-25.8,,18.16,17.7,2026-04-11T22:30:35.299942,,14.19,11.47,,8.7,34.5,22.69,2025-12-22,10.85,2025-04-21,Rivian Automotive,0,1.8,6,0.78,False,0,0,0,0,0,0,-22.0,1,2026-04-11T22:35:30.547079,35,RSIやや高(55) / MACDヒストグラム上昇 / BB上方(58%) / 200日SMA上,55,52週中間以下(41%) / PER -8x / 減収(-26%) / 上値余地あり(+18%),0,SNS弱気(-22),50,出来高減少(0.7x) / 強い上昇トレンド,31.200000000000003,△ 様子見 ⚠️要確認,1,PER異常値,投機的銘柄。成長期待で買うなら全体の5%以下に,[市況: 買い場(+5pt)] 【様子見】MACD(売買の勢い指標)が上向きで買いの勢いが継続中。200日移動平均線を上回っており中長期トレンドは強い。,2026-04-11T22:35:30.804662
XLF,Financial Select SPDR,金融ETF,US,50.77,-1.09,35400700,51151365,0.69,"27345800,31750000,48175400,30330500,35400700",56.11,43.25,58.5,49.39,50.82,52.28,65.9,0.0195,-0.3484,0.3678,51.17,47.61,88.8,なし,17.12,,44852502528.0,,160.0,,,2026-04-11T22:30:40.019355,32.35,30.75,45.96,56.9,65.1,10.5,56.23,2026-01-06,44.45,2025-04-21,Financial Select SPDR,1,4.6,9,0.58,False,0,0,0,0,0,0,-42.0,1,2026-04-11T22:35:30.547127,35,RSIやや高(66) / MACDプラス圏上昇 / BB上方(89%) / 200日SMA下,30,52週中間付近(58%) / PER 17x,0,SNS弱気(-42),30,出来高減少(0.7x) / 短期上昇,30.8,△ 様子見,0,,,[市況: 買い場(+5pt)] 【様子見】RSIがやや過熱気味(66)。MACD(売買の勢い指標)が上向きで買いの勢いが継続中。200日移動平均線を下回っており中長期トレンドは弱い。,2026-04-11T22:35:30.805982
6861,キーエンス,FA/センサー,JP,62440.0,1.38,688500,632255,1.09,"454500,349700,861500,813800,688500",66839.7,50110.86,73.7,58439.41,58884.71,57012.0,70.9,267.4626,-312.9676,580.4302,62472.1,54406.72,99.6,なし,37.04,,15143273496576.0,,88.0,70718.75,13.3,2026-04-11T22:30:43.943134,49521.11,59069.5,55568.68,26.1,5.7,12.4,68292.95,2026-02-25,51271.97,2025-12-02,キーエンス,3,6.0,16,0.79,False,0,0,0,0,0,0,-21.0,1,2026-04-11T22:35:30.547164,35,RSI買われすぎ(71) / MACDプラス圏上昇 / BB上方(100%) / 200日SMA上,25,52週高値圏(74%) / PERやや高(37x) / 高配当(88.0%),0,SNS弱気(-21),40,出来高平常(1.1x) / 短期上昇,30.8,△ 様子見,0,,,[市況: 買い場(+5pt)] 【様子見】株価が52週レンジの上位(74%)に位置。RSIがやや過熱気味(71)。MACD(売買の勢い指標)が上向きで買いの勢いが継続中。,2026-04-11T22:35:30.806902
XLE,Energy Select SPDR,エネルギーETF,US,56.94,-0.68,42534800,56953440,0.75,"25474200,38811700,88023600,55088500,42534800",62.56,37.03,78.0,59.38,56.26,46.9,41.8,0.6356,1.2783,-0.6427,62.71,56.05,13.3,なし,21.95,,10614982656.0,,244.0,,,2026-04-11T22:30:40.407669,19.87,39.24,38.22,186.6,45.1,49.0,63.46,2026-03-30,37.97,2025-04-14,Energy Select SPDR,51,58.8,100,0.94,False,0,0,0,0,0,0,-6.0,1,2026-04-11T22:35:30.547130,45,RSI中立(42) / MACDマイナス圏 / BB下限付近(13%) / 200日SMA上,15,52週高値圏(78%) / PER 22x,15,SNS中立(-6),15,出来高減少(0.8x) / 中期上昇,30.5,△ 様子見,0,,,[市況: 買い場(+5pt)] 【様子見】株価が52週レンジの上位(78%)に位置。200日移動平均線を上回っており中長期トレンドは強い。,2026-04-11T22:35:30.806099
9433,KDDI,通信,JP,2582.0,-4.67,18747100,10307040,1.82,"6276000,7804600,12353300,10670900,18747100",2763.5,2205.36,67.5,2667.94,2642.4,2529.25,45.9,13.3408,18.9386,-5.5978,2773.16,2562.73,9.2,なし,14.29,,9829876760576.0,,310.0,2801.4614,8.5,2026-04-11T22:30:53.092421,1484.78,1839.07,2396.78,73.9,40.4,7.7,2785.47,2026-02-05,2273.6,2025-10-02,KDDI,14,25.9,100,0.79,False,0,0,0,0,0,0,-21.0,1,2026-04-11T22:35:30.547253,50,RSI中立(46) / MACDマイナス圏 / BB下限突破(9%) / 200日SMA上,50,52週中間付近(68%) / PER割安(14x) / 高配当(310.0%),0,SNS弱気(-21),20,出来高やや増(1.8x) / 下落トレンド,30.5,△ 様子見 ⚠️要確認,1,逆行シグナル,テクニカル指標の信頼度が低い。ファンダメンタルズで判断,[市況: 買い場(+5pt)] 【様子見】200日移動平均線を上回っており中長期トレンドは強い。,2026-04-11T22:35:30.809272
ARM,Arm Holdings,半導体/IP,US,148.93,-0.58,7417400,8623990,0.86,"4137600,7071000,6480300,5325700,7417400",178.62,85.82,68.0,140.79,128.59,138.58,59.8,6.6322,6.605,0.0271,164.74,116.84,67.0,なし,201.26,,158163435520.0,26.3,,167.78307,12.7,2026-04-11T22:30:28.691894,,,103.99,,,43.2,183.16,2025-10-27,95.32,2025-04-21,Arm Holdings,59,66.5,83,0.94,False,0,0,0,0,0,0,-6.0,1,2026-04-11T22:35:30.547004,40,RSIやや高(60) / MACDプラス圏上昇 / BB上方(67%) / 200日SMA上,30,52週中間付近(68%) / PER 201x / 高成長(26%) / 上値余地小(+13%),15,SNS中立(-6),60,出来高平常(0.9x) / 強い上昇トレンド,30.0,△ 様子見 ⚠️要確認,1,PER異常値,投機的銘柄。成長期待で買うなら全体の5%以下に,[市況: 買い場(+5pt)] 【様子見】MACD(売買の勢い指標)が上向きで買いの勢いが継続中。200日移動平均線を上回っており中長期トレンドは強い。,2026-04-11T22:35:30.802994
7011,三菱重工業,防衛/エネルギー,JP,4745.0,-0.75,17911100,23715365,0.76,"17781700,18352100,33031900,20132600,17911100",5181.38,2053.68,86.0,4668.26,4740.23,4124.69,57.9,13.3291,-14.9915,28.3206,5048.95,4287.57,60.1,なし,58.48,,15943749074944.0,-2.9,51.0,5325.933,12.2,2026-04-11T22:30:43.360240,307.35,496.44,2470.28,1443.8,855.8,92.1,5194.35,2026-03-02,2443.93,2025-04-14,三菱重工業,28,63.9,100,0.78,False,0,0,0,0,0,0,-22.0,1,2026-04-11T22:35:30.547160,40,RSIやや高(58) / MACDプラス圏上昇 / BB上方(60%) / 200日SMA上,20,52週高値圏(86%) / PER過熱(58x) / 減収(-3%) / 高配当(51.0%),0,SNS弱気(-22),30,出来高減少(0.8x) / 短期上昇,29.5,△ 様子見,0,,,[市況: 買い場(+5pt)] 【様子見】株価が52週高値圏(86%)で推移。MACD(売買の勢い指標)が上向きで買いの勢いが継続中。200日移動平均線を上回っており中長期トレンドは強い。,2026-04-11T22:35:30.806805
VOO,Vanguard S&P 500,指数ETF,US,624.6,-0.07,4596500,12619950,0.36,"6316800,6690000,9805100,5498300,4596500",637.69,451.33,93.0,604.6,618.66,607.51,68.0,-0.2597,-4.491,4.2313,628.03,581.17,92.7,なし,26.98,,,,119.0,,,2026-04-11T22:30:38.426957,352.37,360.11,484.74,77.3,73.4,28.9,639.79,2026-01-28,461.79,2025-04-21,Vanguard S&P 500,55,75.8,100,0.99,False,0,0,0,0,0,0,-1.0,1,2026-04-11T22:35:30.547112,35,RSIやや高(68) / MACDヒストグラム上昇 / BB上方(93%) / 200日SMA上,15,52週高値圏(93%) / PER 27x,15,SNS中立(-1),30,出来高減少(0.4x) / 短期上昇,29.2,△ 様子見,0,,,[市況: 買い場(+5pt)] 【様子見】株価が52週高値圏(93%)で推移。RSIがやや過熱気味(68)。MACD(売買の勢い指標)が上向きで買いの勢いが継続中。,2026-04-11T22:35:30.805588
QQQ,Invesco NASDAQ 100,指数ETF,US,611.07,0.14,33831300,63602265,0.53,"35108500,49948200,63086000,37837500,33831300",634.15,414.06,89.5,588.41,600.09,595.32,65.4,0.1708,-4.3865,4.5573,616.35,560.47,90.5,なし,32.28,,240211623936.0,,49.0,,,2026-04-11T22:30:38.839260,326.71,307.58,452.21,87.0,98.7,35.1,635.8,2026-01-28,425.87,2025-04-21,Invesco NASDAQ 100,15,32.5,53,0.9,False,0,0,0,0,0,0,-10.0,1,2026-04-11T22:35:30.547116,40,RSIやや高(65) / MACDプラス圏上昇 / BB上方(90%) / 200日SMA上,5,52週高値圏(90%) / PER 32x,15,SNS中立(-10),30,出来高減少(0.5x) / 短期上昇,28.0,△ 様子見,0,,,[市況: 買い場(+5pt)] 【様子見】株価が52週高値圏(90%)で推移。RSIがやや過熱気味(65)。MACD(売買の勢い指標)が上向きで買いの勢いが継続中。,2026-04-11T22:35:30.805684
KLAC,KLA Corporation,半導体検査装置,US,1737.28,0.58,686400,950830,0.72,"411800,527300,1020100,939500,686400",1737.28,572.19,100.0,1523.2,1483.12,1191.92,69.5,53.408,25.8862,27.5218,1712.03,1334.37,106.7,なし,50.5,,228265279488.0,7.2,44.0,1688.0333,-2.8,2026-04-11T22:30:14.863566,327.46,360.1,665.18,430.5,382.4,161.2,1759.96,2026-04-10,603.13,2025-04-21,KLA Corporation,1,2.4,8,0.72,False,0,0,0,0,0,0,-28.0,1,2026-04-11T22:35:30.546841,40,RSIやや高(70) / MACDプラス圏上昇 / BB上方(107%) / 200日SMA上,5,52週高値圏(100%) / PER 50x / 低成長(7%) / 割高(-3%),0,SNS弱気(-28),50,出来高減少(0.7x) / 強い上昇トレンド,28.0,△ 様子見,0,,,[市況: 買い場(+5pt)] 【様子見】株価が52週高値圏(100%)で推移。RSIがやや過熱気味(70)。MACD(売買の勢い指標)が上向きで買いの勢いが継続中。,2026-04-11T22:35:30.798943
XLV,Health Care Select SPDR,ヘルスケアETF,US,147.31,-1.35,6217800,13800580,0.45,"7272600,10263400,8130700,6406400,6217800",159.54,126.51,63.0,146.74,151.89,145.01,58.0,-1.1567,-1.7938,0.6371,150.73,142.75,57.1,なし,25.95,,29081204736.0,,171.0,,,2026-04-11T22:30:40.839748,108.94,127.39,134.47,35.2,15.6,9.5,159.93,2026-01-07,125.12,2025-05-15,Health Care Select SPDR,3,6.9,15,0.66,False,0,0,0,0,0,0,-34.0,1,2026-04-11T22:35:30.547134,35,RSIやや高(58) / MACDヒストグラム上昇 / BB上方(57%) / 200日SMA上,20,52週中間付近(63%) / PER 26x,0,SNS弱気(-34),30,出来高減少(0.5x) / 短期上昇,27.8,△ 様子見,0,,,[市況: 買い場(+5pt)] 【様子見】MACD(売買の勢い指標)が上向きで買いの勢いが継続中。200日移動平均線を上回っており中長期トレンドは強い。,2026-04-11T22:35:30.806202
AAPL,Apple,テック/消費者,US,260.48,-0.0,31259500,40823780,0.77,"29329900,62148000,41032800,28121600,31259500",285.92,171.67,77.7,253.28,260.84,250.31,67.5,-0.1615,-1.63,1.4686,261.48,245.09,93.9,なし,33.01,,3828515864576.0,15.7,40.0,296.3305,13.8,2026-04-11T22:30:19.250814,127.83,157.81,197.29,103.8,65.1,32.0,288.35,2025-12-03,188.99,2025-04-21,Apple,3,13.5,35,0.64,False,0,0,0,0,0,0,-36.0,1,2026-04-11T22:35:30.546895,35,RSIやや高(68) / MACDヒストグラム上昇 / BB上方(94%) / 200日SMA上,20,52週高値圏(78%) / PER 33x / 成長(16%) / 上値余地小(+14%),0,SNS弱気(-36),30,出来高減少(0.8x) / 短期上昇,27.8,△ 様子見,0,,,[市況: 買い場(+5pt)] 【様子見】株価が52週レンジの上位(78%)に位置。RSIがやや過熱気味(68)。MACD(売買の勢い指標)が上向きで買いの勢いが継続中。,2026-04-11T22:35:30.800264
ABBV,AbbVie,製薬/バイオ,US,207.94,-2.1,4632500,7163795,0.65,"4929100,8801600,5477500,4477800,4632500",240.69,166.16,56.1,210.89,220.49,214.87,53.8,-3.3135,-3.6633,0.3498,221.48,200.3,36.1,なし,87.74,,367796453376.0,10.0,333.0,249.03448,19.8,2026-04-11T22:30:37.702438,89.4,145.68,169.37,132.6,42.7,22.8,241.12,2025-10-01,164.58,2025-04-21,AbbVie,0,1.1,3,0.67,False,0,0,0,0,0,0,-33.0,1,2026-04-11T22:35:30.547105,40,RSIやや高(54) / MACDヒストグラム上昇 / BB中間以下(36%) / 200日SMA下,25,52週中間付近(56%) / PER 88x / 低成長(10%) / 上値余地あり(+20%),0,SNS弱気(-33),0,出来高減少(0.7x) / 下落トレンド,26.5,△ 様子見,0,,,[市況: 買い場(+5pt)] 【様子見】MACD(売買の勢い指標)が上向きで買いの勢いが継続中。200日移動平均線を下回っており中長期トレンドは弱い。,2026-04-11T22:35:30.805394
AI,C3.ai,AI/エンタープライズ,US,8.28,-3.5,4342700,4672290,0.93,"3360200,2683300,5950600,3755000,4342700",29.16,7.76,2.4,8.5,9.47,15.85,46.7,-0.2845,-0.3934,0.109,9.14,7.87,32.3,なし,-9.86,,1203011200.0,-46.1,,8.81818,6.5,2026-04-11T22:30:32.709281,59.89,22.04,20.59,-86.2,-62.4,-59.8,30.24,2025-05-29,7.68,2026-03-30,C3.ai,67,82.2,100,0.91,False,0,0,0,0,0,0,-9.0,1,2026-04-11T22:35:30.547049,50,RSI中立(47) / MACDヒストグラム上昇 / BB中間以下(32%) / 200日SMA下,60,52週最安値圏(2%) / PER -10x / 減収(-46%) / 上値余地小(+6%),15,SNS中立(-9),10,出来高平常(0.9x) / 下落トレンド,25.0,△ 様子見 ⚠️要確認,2,PER異常値 / 52週安値更新中,投機的銘柄。成長期待で買うなら全体の5%以下に / 底値を狙うナンピンは危険。反転確認まで待つ,[市況: 買い場(+5pt)] 【様子見】株価が52週安値圏(2%)まで下落。MACD(売買の勢い指標)が上向きで買いの勢いが継続中。200日移動平均線を下回っており中長期トレンドは弱い。,2026-04-11T22:35:30.803930
8058,三菱商事,総合商社,JP,5307.0,-1.96,9609500,12050820,0.8,"7612300,6565800,13753500,11738000,9609500",5707.0,2276.53,88.3,5413.86,5060.54,3798.24,52.9,100.888,144.0581,-43.1701,5739.2,5088.52,33.6,なし,30.3,,19491272523776.0,9.9,207.0,5009.3384,-5.6,2026-04-11T22:30:46.650160,870.2,1520.85,2412.11,509.9,248.9,120.0,5731.76,2026-03-27,2367.24,2025-04-16,三菱商事,6,18.1,29,0.67,False,0,0,0,0,0,0,-33.0,1,2026-04-11T22:35:30.547192,25,RSIやや高(53) / MACDマイナス圏 / BB中間以下(34%) / 200日SMA上,30,52週高値圏(88%) / PERやや高(30x) / 低成長(10%) / 高配当(207.0%),0,SNS弱気(-33),15,出来高減少(0.8x) / 中期上昇,25.0,△ 様子見,0,,,[市況: 買い場(+5pt)] 【様子見】株価が52週高値圏(88%)で推移。200日移動平均線を上回っており中長期トレンドは強い。過去1年で120%上昇と非常に強いパフォーマンス。,2026-04-11T22:35:30.807623
4385,メルカリ,EC/フリマ,JP,3613.0,-4.87,2860600,1646770,1.74,"1105000,2225600,2622200,1832600,2860600",3963.0,1951.0,82.6,3683.75,3529.18,2807.27,59.2,98.3519,105.9195,-7.5676,4064.57,3302.93,40.7,なし,20.79,,595743342592.0,15.4,,3649.2307,1.0,2026-04-11T22:30:51.610380,5150.0,2210.0,2254.0,-29.8,63.5,60.3,4106.0,2026-04-07,2069.0,2025-10-14,メルカリ,9,15.6,39,0.86,False,0,0,0,0,0,0,-14.0,1,2026-04-11T22:35:30.547238,40,RSIやや高(59) / MACD反転間近 / BB中間以下(41%) / 200日SMA上,25,52週高値圏(83%) / PER適正(21x) / 成長(15%),15,SNS中立(-14),35,出来高やや増(1.7x) / 中期上昇,24.799999999999997,△ 様子見 ⚠️要確認,1,逆行シグナル,テクニカル指標の信頼度が低い。ファンダメンタルズで判断,[市況: 買い場(+5pt)] 【様子見】株価が52週レンジの上位(83%)に位置。200日移動平均線を上回っており中長期トレンドは強い。過去1年で60%上昇と非常に強いパフォーマンス。,2026-04-11T22:35:30.808853
RKLB,Rocket Lab,宇宙/ロケット,US,68.05,1.96,18560300,25112465,0.74,"22351800,25396300,26863800,17250900,18560300",96.3,16.37,64.7,67.67,70.3,58.91,50.9,-1.0918,-1.5353,0.4435,76.38,58.97,52.2,なし,1327.8,,39180967936.0,35.7,,86.68214,27.4,2026-04-11T22:30:32.290267,10.84,3.96,19.63,527.8,1618.4,246.7,99.58,2026-01-16,18.21,2025-04-21,Rocket Lab,1,4.5,11,0.7,False,0,0,0,0,0,0,-30.0,1,2026-04-11T22:35:30.547046,35,RSIやや高(51) / MACDヒストグラム上昇 / BB上方(52%) / 200日SMA上,40,52週中間付近(65%) / PER 1328x / 高成長(36%) / 上値余地あり(+27%),0,SNS弱気(-30),30,出来高減少(0.7x) / 短期上昇,23.799999999999997,△ 様子見 ⚠️要確認,1,PER異常値,投機的銘柄。成長期待で買うなら全体の5%以下に,[市況: 買い場(+5pt)] 【様子見】MACD(売買の勢い指標)が上向きで買いの勢いが継続中。200日移動平均線を上回っており中長期トレンドは強い。過去1年で247%上昇と非常に強いパフォーマンス。,2026-04-11T22:35:30.803829
SOXX,iShares Semiconductor,半導体ETF,US,386.6,2.1,5589900,7568625,0.74,"3105000,4026000,9868700,6036700,5589900",386.6,153.88,100.0,341.96,345.58,295.03,71.6,7.428,1.1534,6.2746,378.13,305.8,111.7,なし,43.41,,2957489920.0,,51.0,,,2026-04-11T22:30:39.183580,141.49,137.21,171.17,173.2,181.8,125.9,389.6,2026-04-10,159.24,2025-04-21,iShares Semiconductor,1,2.7,4,0.8,False,0,0,0,0,0,0,-20.0,1,2026-04-11T22:35:30.547120,35,RSI買われすぎ(72) / MACDプラス圏上昇 / BB上方(112%) / 200日SMA上,5,52週高値圏(100%) / PER 43x,0,SNS弱気(-20),30,出来高減少(0.7x) / 短期上昇,23.2,△ 様子見,0,,,[市況: 買い場(+5pt)] 【過熱警戒】株価が52週高値圏(100%)で推移。RSIがやや過熱気味(72)。MACD(売買の勢い指標)が上向きで買いの勢いが継続中。,2026-04-11T22:35:30.805781
ARKK,ARK Innovation,イノベーションETF,US,69.29,0.54,6315900,11579115,0.55,"6687500,9088700,12225100,9491400,6315900",92.53,40.51,55.3,69.15,71.03,77.42,50.4,-0.8956,-1.2217,0.3261,73.69,64.61,51.5,なし,45.62,,,,,,,2026-04-11T22:30:39.518340,120.46,37.34,45.89,-42.5,85.6,51.0,92.65,2025-10-08,43.68,2025-04-21,ARK Innovation,3,6.4,11,0.74,False,0,0,0,0,0,0,-26.0,1,2026-04-11T22:35:30.547123,30,RSIやや高(50) / MACDヒストグラム上昇 / BB上方(52%) / 200日SMA下,10,52週中間付近(55%) / PER 46x,0,SNS弱気(-26),30,出来高減少(0.6x) / 短期上昇,23.0,△ 様子見,0,,,[市況: 買い場(+5pt)] 【様子見】MACD(売買の勢い指標)が上向きで買いの勢いが継続中。200日移動平均線を下回っており中長期トレンドは弱い。過去1年で51%上昇と非常に強いパフォーマンス。,2026-04-11T22:35:30.805882
TSLA,Tesla,EV/AI/エネルギー,US,348.95,0.96,51045600,64842260,0.79,"77697600,74515400,78838600,62164000,51045600",489.88,221.86,47.4,370.85,394.31,397.35,42.0,-14.4733,-12.7538,-1.7196,407.02,334.68,19.7,なし,323.1,,1309411115008.0,-3.1,,416.15024,19.3,2026-04-11T22:30:20.325806,233.99,180.54,252.31,49.1,93.3,38.3,498.83,2025-12-22,222.79,2025-04-21,Tesla,7,21.4,54,0.84,False,0,0,0,0,0,0,-16.0,1,2026-04-11T22:35:30.546908,40,RSI中立(42) / MACDマイナス圏 / BB下限付近(20%) / 200日SMA下,30,52週中間以下(47%) / PER 323x / 減収(-3%) / 上値余地あり(+19%),15,SNS中立(-16),0,出来高減少(0.8x) / 下落トレンド,21.0,△ 様子見 ⚠️要確認,1,PER異常値,投機的銘柄。成長期待で買うなら全体の5%以下に,[市況: 買い場(+5pt)] 【下落トレンド】200日移動平均線を下回っており中長期トレンドは弱い。,2026-04-11T22:35:30.800581
MRNA,Moderna,バイオテック/mRNA,US,50.96,-0.62,6274800,6168970,1.02,"3488500,4301700,4859900,4436100,6274800",57.8,22.36,80.7,51.34,49.37,34.16,48.7,0.1079,0.3375,-0.2296,54.66,48.02,44.3,なし,-10.96,,20210065408.0,-29.8,,45.15,-11.4,2026-04-11T22:30:37.144914,139.4,155.56,26.2,-63.4,-67.2,94.5,59.55,2026-03-04,22.28,2025-11-21,Moderna,6,12.0,18,0.65,False,0,0,0,0,0,0,-35.0,1,2026-04-11T22:35:30.547101,35,RSI中立(49) / MACDマイナス圏 / BB中間以下(44%) / 200日SMA上,25,52週高値圏(81%) / PER -11x / 減収(-30%) / 割高(-11%),0,SNS弱気(-35),25,出来高平常(1.0x) / 中期上昇,18.5,△ 様子見 ⚠️要確認,1,PER異常値,投機的銘柄。成長期待で買うなら全体の5%以下に,[市況: 買い場(+5pt)] 【様子見】株価が52週レンジの上位(81%)に位置。MACD(売買の勢い指標)が反転しそうな位置。200日移動平均線を上回っており中長期トレンドは強い。,2026-04-11T22:35:30.805293
