ticker,name,gtrends_current,gtrends_avg,gtrends_max,gtrends_trend_ratio,gtrends_is_trending,reddit_mentions,reddit_total_score,reddit_total_comments,reddit_bullish,reddit_bearish,reddit_sentiment,combined_sentiment,sentiment_data_sources,fetch_time
NVDA,NVIDIA,13,14.2,53,0.83,False,0,0,0,0,0,0,-17.0,1,2026-03-24T22:34:55.319578
AMD,AMD,63,72.1,100,0.87,False,0,0,0,0,0,0,-13.0,1,2026-03-24T22:34:55.319589
AVGO,Broadcom,3,3.2,11,0.76,False,0,0,0,0,0,0,-24.0,1,2026-03-24T22:34:55.319595
MRVL,Marvell Technology,1,0.7,4,0.98,False,0,0,0,0,0,0,-2.0,1,2026-03-24T22:34:55.319600
LRCX,Lam Research,0,0.5,2,0.0,False,0,0,0,0,0,0,0.0,0,2026-03-24T22:34:55.319604
KLAC,KLA Corporation,2,2.2,7,0.71,False,0,0,0,0,0,0,-29.0,1,2026-03-24T22:34:55.319610
AMAT,Applied Materials,16,16.2,33,0.88,False,0,0,0,0,0,0,-12.0,1,2026-03-24T22:34:55.319615
CDNS,Cadence Design,1,1.7,5,0.74,False,0,0,0,0,0,0,-26.0,1,2026-03-24T22:34:55.319632
SNPS,Synopsys,5,5.4,10,0.74,False,0,0,0,0,0,0,-26.0,1,2026-03-24T22:34:55.319638
TSM,TSMC,46,44.3,100,0.91,False,0,0,0,0,0,0,-9.0,1,2026-03-24T22:34:55.319644
INTC,Intel,1,1.3,5,0.57,False,0,0,0,0,0,0,-43.0,1,2026-03-24T22:34:55.319649
QCOM,Qualcomm,0,0.2,1,0.0,False,0,0,0,0,0,0,0.0,0,2026-03-24T22:34:55.319653
MU,Micron Technology,32,39.4,75,0.94,False,0,0,0,0,0,0,-6.0,1,2026-03-24T22:34:55.319658
META,Meta Platforms,53,66.2,100,0.82,False,0,0,0,0,0,0,-18.0,1,2026-03-24T22:34:55.319662
PLTR,Palantir,3,2.7,8,0.73,False,0,0,0,0,0,0,-27.0,1,2026-03-24T22:34:55.319667
MSFT,Microsoft,24,20.0,100,0.84,False,0,0,0,0,0,0,-16.0,1,2026-03-24T22:34:55.319672
AAPL,Apple,9,12.2,32,0.74,False,0,0,0,0,0,0,-26.0,1,2026-03-24T22:34:55.319676
AMZN,Amazon,12,15.1,64,0.74,False,0,0,0,0,0,0,-26.0,1,2026-03-24T22:34:55.319681
GOOGL,Alphabet,27,25.6,42,0.93,False,0,0,0,0,0,0,-7.0,1,2026-03-24T22:34:55.319685
TSLA,Tesla,19,20.7,56,0.85,False,0,0,0,0,0,0,-15.0,1,2026-03-24T22:34:55.319690
CRM,Salesforce,3,3.5,6,0.91,False,0,0,0,0,0,0,-9.0,1,2026-03-24T22:34:55.319695
NOW,ServiceNow,49,54.1,66,0.99,False,0,0,0,0,0,0,-1.0,1,2026-03-24T22:34:55.319699
SNOW,Snowflake,8,23.7,100,0.37,False,0,0,0,0,0,0,-63.0,1,2026-03-24T22:34:55.319704
DDOG,Datadog,0,0.0,0,1.0,False,0,0,0,0,0,0,0.0,1,2026-03-24T22:34:55.319709
NET,Cloudflare,33,44.9,85,0.73,False,0,0,0,0,0,0,-27.0,1,2026-03-24T22:34:55.319713
CRWD,CrowdStrike,0,0.0,0,1.0,False,0,0,0,0,0,0,0.0,1,2026-03-24T22:34:55.319718
ZS,Zscaler,1,1.0,1,1.0,False,0,0,0,0,0,0,0.0,1,2026-03-24T22:34:55.319722
PANW,Palo Alto Networks,0,0.0,0,1.0,False,0,0,0,0,0,0,0.0,1,2026-03-24T22:34:55.319727
SHOP,Shopify,58,70.8,100,0.89,False,0,0,0,0,0,0,-11.0,1,2026-03-24T22:34:55.319731
UBER,Uber Technologies,11,13.2,16,0.93,False,0,0,0,0,0,0,-7.0,1,2026-03-24T22:34:55.319736
ABNB,Airbnb,0,0.1,3,0.0,False,0,0,0,0,0,0,0.0,0,2026-03-24T22:34:55.319739
XYZ,Block (Square),7,12.5,89,0.66,False,0,0,0,0,0,0,-34.0,1,2026-03-24T22:34:55.319743
COIN,Coinbase,73,80.4,100,0.91,False,0,0,0,0,0,0,-9.0,1,2026-03-24T22:34:55.319748
LLY,Eli Lilly,1,1.0,2,0.86,False,0,0,0,0,0,0,-14.0,1,2026-03-24T22:34:55.319752
NVO,Novo Nordisk,1,0.9,3,0.76,False,0,0,0,0,0,0,-24.0,1,2026-03-24T22:34:55.319756
ISRG,Intuitive Surgical,0,0.0,0,1.0,False,0,0,0,0,0,0,0.0,1,2026-03-24T22:34:55.319760
DXCM,DexCom,0,0.0,0,1.0,False,0,0,0,0,0,0,0.0,1,2026-03-24T22:34:55.319765
NFLX,Netflix,0,0.1,2,0.0,False,0,0,0,0,0,0,0.0,0,2026-03-24T22:34:55.319768
V,Visa,67,75.7,100,0.92,False,0,0,0,0,0,0,-8.0,1,2026-03-24T22:34:55.319772
MA,Mastercard,59,57.2,63,1.05,False,0,0,0,0,0,0,5.0,1,2026-03-24T22:34:55.319777
SMCI,Super Micro Computer,3,1.8,13,2.33,True,0,0,0,0,0,0,100.0,1,2026-03-24T22:34:55.319781
ARM,Arm Holdings,76,74.0,100,0.96,False,0,0,0,0,0,0,-4.0,1,2026-03-24T22:34:55.319786
DELL,Dell Technologies,83,71.6,87,0.99,False,0,0,0,0,0,0,-1.0,1,2026-03-24T22:34:55.319791
HPE,Hewlett Packard Enterprise,5,4.5,7,0.89,False,0,0,0,0,0,0,-11.0,1,2026-03-24T22:34:55.319795
ORCL,Oracle,1,1.8,6,0.4,False,0,0,0,0,0,0,-60.0,1,2026-03-24T22:34:55.319800
IBM,IBM,40,44.2,100,0.79,False,0,0,0,0,0,0,-21.0,1,2026-03-24T22:34:55.319804
ADBE,Adobe,2,2.1,6,0.82,False,0,0,0,0,0,0,-18.0,1,2026-03-24T22:34:55.319808
IONQ,IonQ,4,6.0,18,0.59,False,0,0,0,0,0,0,-41.0,1,2026-03-24T22:34:55.319813
RGTI,Rigetti Computing,1,1.8,3,0.39,False,0,0,0,0,0,0,-61.0,1,2026-03-24T22:34:55.319817
RKLB,Rocket Lab,4,4.9,11,0.72,False,0,0,0,0,0,0,-28.0,1,2026-03-24T22:34:55.319822
AI,C3.ai,75,74.8,100,0.97,False,0,0,0,0,0,0,-3.0,1,2026-03-24T22:34:55.319826
PATH,UiPath,4,4.3,6,0.89,False,0,0,0,0,0,0,-11.0,1,2026-03-24T22:34:55.319830
MDB,MongoDB,0,0.0,0,1.0,False,0,0,0,0,0,0,0.0,1,2026-03-24T22:34:55.319835
ESTC,Elastic,0,0.0,0,1.0,False,0,0,0,0,0,0,0.0,1,2026-03-24T22:34:55.319839
PYPL,PayPal,0,0.0,0,1.0,False,0,0,0,0,0,0,0.0,1,2026-03-24T22:34:55.319843
SQ,Block Inc (old),81,79.9,100,0.98,False,0,0,0,0,0,0,-2.0,1,2026-03-24T22:34:55.319848
SOFI,SoFi Technologies,40,41.1,70,0.96,False,0,0,0,0,0,0,-4.0,1,2026-03-24T22:34:55.319852
AFRM,Affirm Holdings,1,1.0,2,0.99,False,0,0,0,0,0,0,-1.0,1,2026-03-24T22:34:55.319856
RIVN,Rivian Automotive,2,1.9,7,1.28,False,0,0,0,0,0,0,28.0,1,2026-03-24T22:34:55.319860
LCID,Lucid Group,1,1.1,2,0.64,False,0,0,0,0,0,0,-36.0,1,2026-03-24T22:34:55.319864
ENPH,Enphase Energy,0,0.3,3,0.0,False,0,0,0,0,0,0,0.0,0,2026-03-24T22:34:55.319867
RBLX,Roblox,1,1.5,3,0.65,False,0,0,0,0,0,0,-35.0,1,2026-03-24T22:34:55.319871
TTWO,Take-Two Interactive,1,0.9,3,0.79,False,0,0,0,0,0,0,-21.0,1,2026-03-24T22:34:55.319876
EA,Electronic Arts,67,78.8,100,0.9,False,0,0,0,0,0,0,-10.0,1,2026-03-24T22:34:55.319880
MRNA,Moderna,9,11.0,17,0.79,False,0,0,0,0,0,0,-21.0,1,2026-03-24T22:34:55.319884
ABBV,AbbVie,1,1.1,3,0.79,False,0,0,0,0,0,0,-21.0,1,2026-03-24T22:34:55.319889
TMO,Thermo Fisher Scientific,15,14.7,21,1.1,False,0,0,0,0,0,0,10.0,1,2026-03-24T22:34:55.319893
VOO,Vanguard S&P 500,81,75.7,100,1.04,False,0,0,0,0,0,0,4.0,1,2026-03-24T22:34:55.319897
QQQ,Invesco NASDAQ 100,35,31.8,52,0.95,False,0,0,0,0,0,0,-5.0,1,2026-03-24T22:34:55.319902
SOXX,iShares Semiconductor,2,2.6,4,0.67,False,0,0,0,0,0,0,-33.0,1,2026-03-24T22:34:55.319905
ARKK,ARK Innovation,4,6.5,11,0.62,False,0,0,0,0,0,0,-38.0,1,2026-03-24T22:34:55.319910
XLF,Financial Select SPDR,3,4.4,8,0.74,False,0,0,0,0,0,0,-26.0,1,2026-03-24T22:34:55.319914
XLE,Energy Select SPDR,56,54.7,100,1.06,False,0,0,0,0,0,0,6.0,1,2026-03-24T22:34:55.319918
XLV,Health Care Select SPDR,5,6.7,15,0.7,False,0,0,0,0,0,0,-30.0,1,2026-03-24T22:34:55.319922
8035,東京エレクトロン,3,4.0,6,0.75,False,0,0,0,0,0,0,-25.0,1,2026-03-24T22:34:55.319927
6920,レーザーテック,9,11.2,100,0.68,False,0,0,0,0,0,0,-32.0,1,2026-03-24T22:34:55.319931
6146,ディスコ,3,4.1,10,0.84,False,0,0,0,0,0,0,-16.0,1,2026-03-24T22:34:55.319936
6857,アドバンテスト,4,5.1,18,0.61,False,0,0,0,0,0,0,-39.0,1,2026-03-24T22:34:55.319941
6526,ソシオネクスト,3,3.2,6,0.89,False,0,0,0,0,0,0,-11.0,1,2026-03-24T22:34:55.319946
7011,三菱重工業,18,16.7,28,0.9,False,0,0,0,0,0,0,-10.0,1,2026-03-24T22:34:55.319950
6861,キーエンス,5,6.2,14,0.81,False,0,0,0,0,0,0,-19.0,1,2026-03-24T22:34:55.319954
4063,信越化学工業,11,13.7,43,0.73,False,0,0,0,0,0,0,-27.0,1,2026-03-24T22:34:55.319958
6963,ローム,5,8.1,100,0.58,False,0,0,0,0,0,0,-42.0,1,2026-03-24T22:34:55.319963
6723,ルネサスエレクトロニクス,7,8.0,18,0.8,False,0,0,0,0,0,0,-20.0,1,2026-03-24T22:34:55.319967
9984,ソフトバンクグループ,17,23.2,72,0.62,False,0,0,0,0,0,0,-38.0,1,2026-03-24T22:34:55.319972
4661,オリエンタルランド,12,12.3,33,1.35,False,0,0,0,0,0,0,35.0,1,2026-03-24T22:34:55.319976
6098,リクルートHD,12,14.4,33,0.71,False,0,0,0,0,0,0,-29.0,1,2026-03-24T22:34:55.319981
8058,三菱商事,14,17.0,28,0.78,False,0,0,0,0,0,0,-22.0,1,2026-03-24T22:34:55.319985
8031,三井物産,11,13.6,24,0.9,False,0,0,0,0,0,0,-10.0,1,2026-03-24T22:34:55.319989
8001,伊藤忠商事,51,54.3,100,0.85,False,0,0,0,0,0,0,-15.0,1,2026-03-24T22:34:55.319993
8306,三菱UFJ FG,29,34.6,66,0.73,False,0,0,0,0,0,0,-27.0,1,2026-03-24T22:34:55.319997
8316,三井住友FG,21,22.2,39,0.79,False,0,0,0,0,0,0,-21.0,1,2026-03-24T22:34:55.320002
6367,ダイキン工業,5,5.6,16,1.08,False,0,0,0,0,0,0,8.0,1,2026-03-24T22:34:55.320007
7974,任天堂,23,21.6,100,0.62,False,0,0,0,0,0,0,-38.0,1,2026-03-24T22:34:55.320011
9983,ファーストリテイリング,8,9.0,24,0.77,False,0,0,0,0,0,0,-23.0,1,2026-03-24T22:34:55.320016
6501,日立製作所,48,54.8,85,0.87,False,0,0,0,0,0,0,-13.0,1,2026-03-24T22:34:55.320020
6758,ソニーグループ,16,25.6,53,0.59,False,0,0,0,0,0,0,-41.0,1,2026-03-24T22:34:55.320025
4568,第一三共,15,17.7,36,0.76,False,0,0,0,0,0,0,-24.0,1,2026-03-24T22:34:55.320029
2413,エムスリー,32,41.3,100,0.81,False,0,0,0,0,0,0,-19.0,1,2026-03-24T22:34:55.320034
4385,メルカリ,16,13.5,29,0.94,False,0,0,0,0,0,0,-6.0,1,2026-03-24T22:34:55.320038
3659,ネクソン,14,16.5,37,0.92,False,0,0,0,0,0,0,-8.0,1,2026-03-24T22:34:55.320042
6594,日本電産,11,14.9,39,0.68,False,0,0,0,0,0,0,-32.0,1,2026-03-24T22:34:55.320047
9432,NTT,38,46.2,91,0.74,False,0,0,0,0,0,0,-26.0,1,2026-03-24T22:34:55.320051
9433,KDDI,16,23.9,100,0.64,False,0,0,0,0,0,0,-36.0,1,2026-03-24T22:34:55.320055
3993,PKSHA Technology,18,21.7,43,0.76,False,0,0,0,0,0,0,-24.0,1,2026-03-24T22:34:55.320059
4443,Sansan,16,20.6,38,0.79,False,0,0,0,0,0,0,-21.0,1,2026-03-24T22:34:55.320064
4478,フリー,11,10.4,23,0.95,False,0,0,0,0,0,0,-5.0,1,2026-03-24T22:34:55.320068
4816,東映アニメーション,20,21.0,50,0.9,False,0,0,0,0,0,0,-10.0,1,2026-03-24T22:34:55.320072
7012,川崎重工業,56,49.1,91,0.96,False,0,0,0,0,0,0,-4.0,1,2026-03-24T22:34:55.320077
7013,IHI,40,43.2,100,0.82,False,0,0,0,0,0,0,-18.0,1,2026-03-24T22:34:55.320081
8830,住友不動産,6,6.1,12,0.91,False,0,0,0,0,0,0,-9.0,1,2026-03-24T22:34:55.320085
9005,東急,46,49.4,100,0.87,False,0,0,0,0,0,0,-13.0,1,2026-03-24T22:34:55.320089
7203,トヨタ自動車,14,14.6,26,0.82,False,0,0,0,0,0,0,-18.0,1,2026-03-24T22:34:55.320094
7267,ホンダ,5,5.1,17,1.03,False,0,0,0,0,0,0,3.0,1,2026-03-24T22:34:55.320098
7269,スズキ,3,2.4,6,0.96,False,0,0,0,0,0,0,-4.0,1,2026-03-24T22:34:55.320102
2914,JT（日本たばこ）,27,31.1,64,0.83,False,0,0,0,0,0,0,-17.0,1,2026-03-24T22:34:55.320106
2801,キッコーマン,53,53.1,100,0.93,False,0,0,0,0,0,0,-7.0,1,2026-03-24T22:34:55.320110
8766,東京海上HD,28,7.5,28,1.26,False,0,0,0,0,0,0,26.0,1,2026-03-24T22:34:55.320115
8411,みずほFG,14,15.6,30,0.75,False,0,0,0,0,0,0,-25.0,1,2026-03-24T22:34:55.320119
